Content,Video title,Video publish time,Views,Impressions,Impressions click-through rate (%),Average view duration
Total,14024212,21176705,8.13,0:02:36,,
Fdta8t80avE,Recta numÃ©rica,"Aug 27, 2014",872806,902391,13,0:02:10
4-wPlVk8haw,Â¿CÃ³mo insertar una imagen dentro de  una celda de Excel? (BÃ¡sico),"Jan 30, 2017",758391,699276,24.48,0:01:34
Z2A3EM0-fc0,Uso de la calculadora cientÃ­fica: Fracciones,"Jun 17, 2015",590769,375162,14.76,0:01:26
SFZ7jcvbl8E,Â¿CÃ³mo calcular el caudal y la velocidad en una tuberÃ­a? (Muy bÃ¡sico),"Aug 11, 2017",438557,509949,7.64,0:02:30
XXjra_JzwNs,Ejemplos de Fracciones Parciales,"Apr 10, 2016",424331,555563,13.2,0:03:29
u8g_tyV5kTM,Â¿CÃ³mo calcular el error relativo porcentual? (Muy bÃ¡sico),"Jun 24, 2017",181799,64271,13.44,0:01:19
Vp-PLlq0nQQ,Calcular el diÃ¡metro de una tuberÃ­a | MecÃ¡nica de fluidos  | Â¡Muy BÃ¡sico!,"Jan 18, 2018",158997,111502,5.37,0:02:52
OFbH2_zz3J0,CÃ¡lculo con los reactivos limitante y en exceso: Porcentaje de rendimiento y cantidad sin reaccionar,"Mar 11, 2017",155573,114295,8.58,0:03:06
r-SaWRpXEX4,Experimento: Â¡Arcoiris con dulces de colores! (Muy fÃ¡cil),"Jun 25, 2017",153014,189955,8.74,0:02:01
K1Zsk46UF0Y,Â¿CÃ³mo hacer exÃ¡menes que se califiquen solos? (Formularios de Google!),"Jan 9, 2017",152384,31917,1.84,0:07:17
_8onVOY2j4E,"Python: Leer archivos CSV, SelecciÃ³n de datos, columnas y filas con Pandas (BÃ¡sico)","Nov 4, 2016",150335,185754,10.36,0:02:27
YOHtIzPmfzE,Secante | RaÃ­ces | MÃ©todos NumÃ©ricos  | BÃ¡sico,"Oct 2, 2017",134685,120895,17.29,0:02:47
yqNTotAkaC8,Excel: Buscar y regresar mÃºltiples resultados (BÃ¡sico),"Apr 21, 2017",132545,78387,10.38,0:03:33
PXdjSYPYLZ4,MÃ©todo de Euler | Ecuaciones Diferenciales |MÃ©todos NumÃ©ricos | Parte 1,"Apr 22, 2020",127342,257583,14.61,0:03:08
97o5ckUHDmo,Arreglos en Python: IntroducciÃ³n al uso de vectores y matrices (Numpy),"Jul 23, 2016",124453,111067,11.17,0:02:32
MEeaUU4Wc1g,Ecuaciones cuadrÃ¡ticas con raÃ­ces negativas  |Ejemplo resuelto | Â¡Muy BÃ¡sico!,"Aug 24, 2017",118540,107430,12.56,0:02:13
H_Wwgpuw0w8,Â¿CÃ³mo nombrar Ã³xidos utilizando la nomenclatura STOCK? (BÃ¡sico),"Oct 9, 2016",117830,188278,15.86,0:03:02
m6uahP62olo,MÃ©todo de bisecciÃ³n para encontrar raÃ­ces (Muy bÃ¡sico),"Jun 30, 2017",111971,91759,5.79,0:03:25
_q9wjt53RwI,ğŸ“±Â¿CÃ³mo hacer carpetas en Drive desde el telÃ©fono celular?| Trabajo a Distancia | Â¡Muy FÃ¡cil!,"Apr 15, 2020",105153,68043,11.61,0:02:32
nzC_OMByY9Q,Mol: Conversiones de gramos a mol y mol a gramos,"Sep 26, 2016",104096,15803,4.97,0:02:35
JJ7BMoQotEY,Pandas desde cero (Python): Â¿CÃ³mo hacer un Data frame? (BÃ¡sico),"Jun 23, 2017",103195,101052,4.23,0:04:21
ArQSZ3jb-as,Â¿CÃ³mo calcular el diÃ¡metro de una tuberÃ­a? | Ejercicio resuelto | Â¡Muy bÃ¡sico! | MecÃ¡nica de Fluidos,"Jul 3, 2019",89656,173695,8.22,0:02:40
hky6aQw65lw,"TkInter para Python: Â¿CÃ³mo activar una segunda ventana, con un botÃ³n y una condiciÃ³n? (BÃ¡sico)","May 27, 2017",89583,205640,7.06,0:03:49
-s3IinvYW0Y,Trabalenguas: Â¿QuÃ© tan rÃ¡pido los puedes leer?,"Apr 30, 2017",88215,42182,4.52,0:01:29
9RVhpX5ae6k,Suma y resta de nÃºmeros negativos,"Aug 27, 2014",83309,200331,11.91,0:02:31
gdI8bqpN23I,Calculadora cientÃ­fica: Operaciones grandes y Â¡MÃ¡s rÃ¡pido! Â¿CÃ³mo usar la memoria y los parÃ©ntesis?,"Aug 28, 2016",83246,85492,10.64,0:02:25
0I5SRIf2HH8,Experimento Â¡Comestible!: Masa para dulces de azÃºcar glass (SÃ³lo 3 ingredientes),"Aug 22, 2016",81916,109312,7.23,0:03:23
-f7BxfSC6Es,GrÃ¡ficas de datos|DataFrame |Seaborn| Matplotlib | Pandas  | Python,"Dec 22, 2017",79526,121997,6.14,0:03:41
U9l4WcoFprE,Â¿CÃ³mo convertir entre el sistema quinario y decimal? (BÃ¡sico),"Nov 22, 2016",78680,49961,11.66,0:03:14
6ofsd88FQKo,"Hablando en cÃ³digo: Hablar con la ""F"" y la ""Chu"" / Speaking Spanish in code","Jun 22, 2015",76940,26334,9.33,0:01:43
4pn4nIqirIo,"Despejes muy rudos: Â¿Como despejar x de una raÃ­z cuadrada, con fracciones?","Sep 16, 2016",76537,60165,4.99,0:02:36
hICUOdxL_Fw,Ejemplo de sumas y restas en la recta numÃ©rica (Por peticiÃ³n),"Jan 23, 2017",76210,96348,9.17,0:02:06
iPXiZALnZFg,TkInter para Python: Â¿CÃ³mo hacer una ventana? (BÃ¡sico),"Apr 14, 2017",74895,85555,6.67,0:02:55
Y82UMypKkng,"Python: Listas Â¿CÃ³mo Insertar, borrar, y modificar datos?  (BÃ¡sico)","Apr 10, 2017",73251,75892,7.99,0:02:46
TRKebElniyo,"QT Designer para Python: Hacer una ventana e insertar una imagen, P1 (BÃ¡sico)","Aug 4, 2017",72616,84088,7.09,0:02:37
xXURaQ4SA78,Â¡No tires a la basura tu calculadora! Ajuste del brillo de la pantalla,"Apr 27, 2016",71665,78607,7.49,0:01:12
ipyIYYhS_7w,Juego del ahorcado: Python (BÃ¡sico),"Mar 16, 2017",71355,110771,9.14,0:03:51
-VwCBPa3soU,Experimento: Â¡ReacciÃ³n de Bicarbonato de sodio y vinagre en bolsa!,"Jun 4, 2017",67750,42635,4.51,0:02:16
6daelkg5KKg,ğŸ’¡ Â¿CÃ³mo convertir longitud de onda a frecuencia? | CÃ¡lculos con longitudes de onda | Â¡Muy bÃ¡sico!,"Aug 27, 2019",67355,98870,11.9,0:02:24
dc1WLom-vfg,Â¿CÃ³mo hacer una lista desplegable y usar BuscarV en Excel? (BÃ¡sico),"Feb 10, 2017",66726,132401,13.18,0:02:59
DR_G1EF7C1Y,Python: Â¿CÃ³mo grabar la informaciÃ³n en un archivo TXT? (BÃ¡sico),"May 16, 2017",66564,131377,7.82,0:02:53
4jnel2Kd9MU,Â¿CÃ³mo abrir los archivos JSON?| Python â”‚MÃ³dulo JSON â”‚Â¡Muy fÃ¡cil!,"Jun 30, 2019",64366,70252,14.98,0:01:34
5Wh6_hJ3L4A,Experimento Â¡RiquÃ­simo!: Helado casero en bolsa (SÃ³lo 3 ingredientes),"Aug 9, 2016",60542,86670,8.73,0:03:09
QmMMtkSClvs,Formularios con condiciones  | Google Drive|Formularios de Google |Â¡Muy FÃ¡cil!,"Jan 6, 2019",58825,20713,7.54,0:03:34
TCmU2-3oPAA,"Python desde Cero: El ciclo While, contadores (BÃ¡sico)","Feb 27, 2017",58060,97552,12.5,0:02:02
3Tfnv5dp63U,CÃ¡lculo de la presiÃ³n |EcuaciÃ³n de Bernoulli | MecÃ¡nica de fluidos  | Â¡Muy BÃ¡sico!,"Jan 26, 2018",57672,36175,6.24,0:02:49
OdIYgiCGDFs,Scratch: Â¿CÃ³mo programar las vidas? (variables),"Jul 17, 2016",56475,22929,6.24,0:02:05
y9wlFD-TBNM,Abrir archivos de Excel en las hojas de cÃ¡lculo de Google|Sheets |Muy BÃ¡sico |P3,"Aug 15, 2017",55923,25918,18.81,0:01:24
6W80Q4eJgEY,Â¿CÃ³mo usar las fÃ³rmulas en Excel? (BÃ¡sico),"Jan 21, 2017",55740,7342,4.32,0:02:30
3aUebuN4Erg,Â¿CÃ³mo balancear ecuaciones con el mÃ©todo algebraico?,"Feb 18, 2017",52926,22692,7.09,0:02:54
YhGP6w-XwYQ,TriÃ¡ngulos con asteriscos â”‚Ciclo For â”‚Python 3.x â”‚Desde cero â”‚Â¡Muy BÃ¡sico!,"Jan 16, 2018",52706,102542,7.51,0:02:26
HNLDp76lhqs,Scratch: Â¿CÃ³mo hacer para que un objeto se mueva solo?,"Jun 9, 2016",52462,27578,7.66,0:02:07
vB1XXmMRm8o,Â¿CÃ³mo hacer un Formulario y un botÃ³n en Excel? (BÃ¡sico),"Feb 10, 2017",52195,46998,10.3,0:02:30
mknCZj0cJkE,Experimento: Lluvia de colores en un vaso (SÃ³lo 3 ingredientes),"Aug 3, 2016",50610,28113,6.59,0:01:56
nc4kB3HxjiA,Leer un archivo xls| Pandas  | Python  | Â¡Muy BÃ¡sico!,"Aug 17, 2017",50462,46787,10.89,0:01:55
eqmPtuUj2FI,Â¿CÃ³mo encontrar dos nÃºmeros que sumados den..y multiplicados den..? | Desmos | Factorizaciones,"Oct 5, 2019",50382,30768,10.08,0:01:26
hjIv-Pc4SCo,Diagramas de Flujo  | Google Drive|Draw.io |Software en lÃ­nea |BÃ¡sico,"Sep 12, 2017",49638,78148,8.26,0:02:31
yP-7Hhqngbo,"Python: GrÃ¡ficas, Ajuste de Datos, Lectura de datos (Pandas, mathplotlib, Numpy, SciPy)","Oct 25, 2016",49620,89887,5.67,0:03:13
D4_SQawLwQs,"TkInter para Python: Programar los botones, suma de dos nÃºmeros (BÃ¡sico)","Apr 22, 2017",48019,95026,7.61,0:03:29
kuJPVu_P_OM,Suma y resta de polinomios,"Jul 3, 2016",47905,98138,9.44,0:02:32
zT1jJWdqPik,Balances de materia: Problema resuelto 1,"Nov 30, 2016",47576,17011,4.35,0:02:54
Sv5s6WLaVKw,"Â¿CÃ³mo despejar ecuaciones? (Sumas, restas, multiplicaciones y divisiones)","Jul 11, 2016",46751,46604,8.06,0:03:12
xDVz74vrD2I,Newton-Raphson | RaÃ­ces | MÃ©todos NumÃ©ricos  | BÃ¡sico,"Sep 25, 2017",46579,93095,7.82,0:02:27
WhbrE_ZELbg,Â¿CÃ³mo buscar valores? | BuscarV| BuscarH | Google Sheets | Google Drive| Â¡Muy FÃ¡cil!,"Jun 7, 2019",43995,53301,13.55,0:03:26
eYklgZpRXhQ,Â¿CÃ³mo hacer una fÃ³rmula con condiciÃ³n en Excel?,"Jan 21, 2017",43416,18002,16.24,0:02:27
Rk9QU-lOPtI,"Python: MultiplicaciÃ³n de matrices (Paso a paso, bÃ¡sico)","Dec 20, 2016",42371,73369,8.07,0:03:22
85xsOwpEps4,"Python desde Cero: El ciclo For, lo bÃ¡sico","Jan 3, 2017",41756,89205,6.84,0:03:04
RlDr7NfhdXs,Hablando en cÃ³digo: Â¿CÃ³mo hablar en CUTI? /Speaking Spanish in Code,"Nov 23, 2016",41664,11019,10.02,0:01:43
G28bJYdqOFQ,SoluciÃ³n de sistemas de ecuaciones linealesâ”‚Python â”‚NumPy â”‚Â¡Muy fÃ¡cil!,"Oct 8, 2017",40728,51480,9.47,0:01:36
IwJaaM3eJPI,Operaciones con condiciÃ³n en columnas | Pandas  | Python  | Por peticiÃ³n,"Oct 18, 2017",39960,65728,5.41,0:03:29
LywqeXL7XXs,Experimento: Â¿CÃ³mo hacer agua sÃ³lida?,"Dec 9, 2014",39936,17423,9.49,0:02:22
A33mYZmrbcY,MÃ©todos NumÃ©ricos: MÃ©todo de Euler en Python,"Nov 30, 2016",39351,43334,9.6,0:02:37
KZpHx9ZJ0wY,MÃ©todo de Diferencias Finitas | Ecuaciones Diferenciales |MÃ©todos NumÃ©ricos,"Apr 25, 2020",39092,82690,9.49,0:03:19
GfLIkRQoTZ0,Â¿CÃ³mo encontrar las intersecciones en x de ecuaciones trigonomÃ©tricas con Seno y Coseno? (BÃ¡sico),"Feb 6, 2017",38789,16740,11.42,0:02:39
m_no9B42878,ğŸ“Š Â¿CÃ³mo hacer varias grÃ¡ficas en una sola ventana? | Subplot |Matplotlib | Python | Â¡Muy BÃ¡sico!,"Jan 14, 2020",38587,59342,8.95,0:02:02
vOsK0uB58xg,ğŸ¤“ Eigenvalores y Eigenvectores | Valores y vectores propios | Matriz 2x2 |Â¡Muy bÃ¡sico!,"May 27, 2020",37729,70489,12.39,0:04:58
FR781InJko8,ğŸ¤” Â¿CÃ³mo resolver transformadas de la Laplace con la Tabla ? | Ecuaciones Diferenciales |Â¡Muy bÃ¡sico!,"May 17, 2020",37700,121873,6.31,0:02:59
7DcVYiSt24k,Vaciado de un Tanque | EcuaciÃ³n de Bernoulli | Principio de Torricelli | Ejemplo resuelto,"Oct 30, 2017",36542,14028,5.1,0:02:25
zWjLd5u-z50,RectÃ¡ngulos y cuadrados *â”‚Python â”‚Ciclo For â”‚PeticiÃ³n â”‚Â¡Muy fÃ¡cil!,"Sep 10, 2017",36449,43994,9.64,0:01:32
WzTzGWXtj0s,Python: Funciones (def),"Sep 8, 2015",36430,41449,17.52,0:01:48
0UVjqFyiL3I,Despejes |MÃ³dulo de Young | Esfuerzo |Ejercicio resuelto |FÃ­sica | Â¡Muy bÃ¡sico!,"Feb 13, 2019",35381,20973,7.89,0:03:19
fVsccB30O_4,"Python: EstadÃ­sticas bÃ¡sicas, rÃ¡pido y fÃ¡cil (Pandas, mathplotlib)","Nov 1, 2016",34894,76538,6.74,0:03:38
g3qJ85-C_4A,Calculadora cientÃ­fica: Â¿Como sacar las raÃ­ces de una ecuaciÃ³n cuadrÃ¡tica?,"Aug 6, 2017",34404,23804,10.45,0:02:06
qDqr2XhRxA0,âŒ¨ï¸ Editor de ecuaciones | Matcha | En LÃ­nea | RÃ¡pido y FÃ¡cil | Â¡Muy fÃ¡cil!,"Apr 13, 2020",34357,59436,9.81,0:03:06
xaM-YolPFB0,Agrupar datos |Groupby | Pandas  | Python  | Por peticiÃ³n,"Dec 17, 2017",34028,66599,8.99,0:04:30
K97xFBmsXrY,Calculadora cientÃ­fica: Â¿Como hacer operaciones con nÃºmeros negativos?,"Sep 13, 2016",33988,12654,16.29,0:01:19
q3uDacI1B5M,Teorema de Tales: Â¿CuÃ¡nto mide la pirÃ¡mide? (Muy BÃ¡sico),"Jun 16, 2017",32573,39187,9.39,0:02:38
wRGB2YOYOj8,â˜‘ï¸ Ejemplo de Examen en lÃ­nea con los formularios de Google | Tipos de preguntas | Â¡Muy FÃ¡cil!,"Apr 26, 2020",31985,8760,3.56,0:04:16
Sc2rRsnevvM,TkInter para Python: MenÃº desplegable/Dropdown menu (BÃ¡sico),"May 27, 2017",31852,62800,8.58,0:02:39
zWr64MoJri0,Ecuaciones lineales: Punto de equilibrio (BÃ¡sico),"Jul 10, 2016",31411,17789,11.25,0:02:21
AteqQ9pmhB0,Cargar un archivo CSV en lÃ­nea | Colaboratory Google | Python | Â¡Muy bÃ¡sico!,"Jul 30, 2018",30925,87865,7.95,0:03:04
2y7IMYSqp2Q,Python: Formato de tablas (str.format),"Sep 16, 2015",30781,18983,13.09,0:01:18
Oby3ksXd1oY,Buscar un valor en una columna y extraer datos de otra| csv | Pandas  | Python | Â¡Muy bÃ¡sico!,"May 13, 2018",30696,43046,11.04,0:02:09
kZdgeJaHhPs,ğŸ¤”Â¿Longitud de arco de una curva con ecuaciones paramÃ©tricas? | Â¡Muy bÃ¡sico!|CÃ¡lculo Vectorial,"Sep 16, 2020",29761,53359,8.73,0:02:15
l-IdFCzhrGE,Sustituir letras por otros caracteres o..nÃºmeros| String | Python desde ceroâ”‚Â¡Muy fÃ¡cil!,"Jun 16, 2018",29712,31570,13.21,0:01:18
_czefWzMXx0,Integrales: Â¿CÃ³mo usar la regla de la potencia? (BÃ¡sico),"Feb 13, 2017",29521,30046,16.04,0:02:31
TXJoRrii1tk,ğŸ+ ğŸ“Š Â¿CÃ³mo acomodar las grÃ¡ficas y cambiar el formato de los ejes? |Matplotlib | Python | Muy BÃ¡sico,"Jan 6, 2020",29211,34986,6.91,0:02:17
NgmGuQUYZ3g,"Scratch: Â¿CÃ³mo mover un objeto, con las flechas?","Jun 5, 2016",29025,11999,5.38,0:01:48
5JFk5Kufimc,Python: Derivadas simbÃ³licas y numÃ©ricas,"Nov 14, 2016",28480,28433,13.11,0:01:57
yOzYumHOczU,Google Sheets: Â¿CÃ³mo sacar una ecuaciÃ³n a partir de datos? (BÃ¡sico),"Jun 9, 2017",28292,14031,10.96,0:01:47
ySmDUcx1KEM,Historia de la LogÃ­stica,"Dec 7, 2014",28291,11605,12.7,0:05:08
SuguUYdE67A,Gauss-Seidel  | CÃ³digo |Python | MÃ©todos NumÃ©ricos  | SoluciÃ³n de Sistemas de Ecuaciones Lineales,"Oct 25, 2017",28261,40867,6.93,0:03:49
GIJlCO14iXc,AplicaciÃ³n de mÃ¡ximos y mÃ­nimos: Ganancia (BÃ¡sico),"Jun 18, 2016",28251,10882,6.32,0:02:11
HMW6Zm7wkHs,"ğŸ“ Ejercicios de la Primera Ley de la TermodinÃ¡mica | IntroducciÃ³n | Â¡Muy, muy bÃ¡sico!","Feb 15, 2021",27996,106152,13.68,0:03:01
t9YxHm7cgJw,Python: Funciones recursivas (Muy BÃ¡sico),"May 7, 2017",27478,59387,9.49,0:02:56
T7C0pV5ituE,"TkInter para Python: Etiquetas, entrada para texto e insertar imÃ¡genes con Pack(BÃ¡sico)","Apr 18, 2017",27196,36838,5.4,0:02:40
V4ACsfbKtpU,2 Ventanas | QT Designer| Python | PyQT5 | Ejemplo|Â¡Muy bÃ¡sico!,"Jun 3, 2018",26677,45526,7.08,0:02:27
KYuU_jBRERQ,Uso de la calculadora cientÃ­fica: Porcentajes,"Feb 3, 2016",26591,13903,7.91,0:01:20
0--zo99fwI8,NÃºmero mÃ¡s grande en una lista | 3 formas | Listas â”‚Python desde ceroâ”‚Â¡Muy fÃ¡cil!,"Jun 9, 2018",26574,54425,9.24,0:02:03
t9kXnB3FCrw,ğŸŒ¬ï¸ğŸ”¥ ConvecciÃ³n | Transferencia de calor | TermodinÃ¡mica | Â¡Muy bÃ¡sico!,"Jun 1, 2020",26348,57261,8.3,0:03:03
tBy7pwQSgYk,Despejes de ecuaciones que tienen logaritmos,"May 16, 2016",26234,7795,5.57,0:01:32
xPMOvmSs_Hs,Crecimiento de la poblaciÃ³n: Â¿CuÃ¡ntos habitantes hay despuÃ©s de X aÃ±os? (BÃ¡sico),"Aug 10, 2017",26053,24112,8.56,0:02:24
OzTCzucnD3c,ğŸ“„Â¿CÃ³mo extraer el texto de un PDF? | Fitz | PyMuPDF | Python â”‚Â¡Muy bÃ¡sico!,"Dec 2, 2019",25958,78128,7.89,0:03:31
zjHJ3x2hhjI,Â¿CÃ³mo calcular el nÃºmero de Ã¡tomos en una celda cristalina? (BÃ¡sico),"Sep 28, 2016",25897,7146,10.64,0:01:33
OzwEwHlFUbw,ğŸ’¡ Â¿CÃ³mo simplificar fracciones en la calculadora ğŸ–© ? | Calculadora cientÃ­fica | Shortsc,"Jul 18, 2021",25797,91080,14.05,0:00:43
18qm7tdzWM0,FactorizaciÃ³n: Â¿CÃ³mo encontrar las raÃ­ces?,"Nov 27, 2016",25712,29944,14.76,0:02:06
0GXIQ7nKZl0,Experimento: Masilla para jugar (SÃ³lo 2 ingredientes),"Aug 19, 2016",25516,4113,6.35,0:02:49
rxaWvLU39nU,ğŸ¤– Â¿CÃ³mo hacer un Chat Bot? | Chatterbot | Python â”‚Â¡Muy bÃ¡sico!,"Dec 9, 2019",25505,59048,7.76,0:03:06
b4zmSqB9npI,RegresiÃ³n lineal | SciKitLearn |Machine Learning| Python,"Feb 11, 2018",25437,34950,6.57,0:03:46
_OoPVNuotFY,Experimento con bombon,"Nov 25, 2014",24885,27708,7.98,0:01:49
9sc1w3TZOnE,Ley de Enfriamiento de Newton: Â¿CÃ³mo encontrar el tiempo de enfriamiento?,"Aug 9, 2017",24519,39787,5.09,0:04:25
w2wzVg0owxU,Agrupar | Clustering | SciKitLearn | KMeans |Machine Learning| Python,"Mar 19, 2018",24366,65530,5.79,0:04:33
VR9mXMi4Nx4,WolframAlpha: Balanceo de ecuaciones quÃ­micas!,"Mar 12, 2017",24293,12066,5.76,0:01:16
nUdrKISTdnQ,Â¿CÃ³mo hacer modelos matemÃ¡ticos con Excel?,"Dec 22, 2016",24189,7597,8.02,0:01:30
IMY_B8gY5dU,Fracciones | ConfiguraciÃ³n | Fracciones mixtas | Decimales | Calculadora cientÃ­fica,"Sep 30, 2018",24006,74018,9.63,0:01:59
9YUVLeutPn8,Convertir latitud y longitud a direcciÃ³n|GeolocalizaciÃ³n | GeoPy| Python | Muy BÃ¡sico,"Sep 25, 2017",23931,47297,8.06,0:01:57
wrnBEYsPuUY,GrÃ¡ficas de funciones con Desmos.com,"Apr 27, 2015",23887,7637,3.86,0:01:23
9J0Ab4pgvYc,Redes Neuronales| PredicciÃ³n | SciKitLearn | Machine Learning| Python | Â¡Muy bÃ¡sico!,"Aug 26, 2018",23522,66044,6.41,0:03:45
2S4QOSnIpmg,ğŸ§ Ãrea con coordenadas polares | Integral | Â¡Muy bÃ¡sico!|CÃ¡lculo Vectorial,"Oct 3, 2020",23031,89082,6.56,0:04:22
gJN07r5yl2g,Python: MÃ©todo de BisecciÃ³n,"Sep 20, 2015",23022,8881,6.36,0:02:37
lhC01D6CbVU,Pandas desde cero (Python): Â¿CÃ³mo seleccionar renglones y columnas de un archivo CSV?  (Muy BÃ¡sico),"Jun 30, 2017",22954,74348,3.27,0:03:06
4DSsXcjdCcE,Despejes muy rudos: Â¿CÃ³mo despejar la x en una ecuaciÃ³n exponencial?,"Sep 25, 2016",22921,9062,3.81,0:01:51
nG1SuQi2ORY,Despeje del tiempo en una ecuaciÃ³n exponencial (InterÃ©s compuesto muy bÃ¡sico),"May 16, 2016",22903,23955,9,0:01:33
OjW4OqZelO0,ğŸ§® EstadÃ­sticas BÃ¡sicas  |  Calculadora cientÃ­fica | Casio fx-82MS,"Jul 17, 2019",22716,62560,9.6,0:02:01
J3s-ACvydWI,Convertir strings a listas y listas a stringsâ”‚Split â”‚Join | Python desde cero| BÃ¡sico,"Apr 28, 2018",22701,37524,12.74,0:02:05
za5ei6qoTNI,Determinantes de matrices: MÃ©todo de cofactores Â¡FÃ¡cil y rÃ¡pido!,"Nov 17, 2016",22088,11945,4.57,0:03:24
wbgfV4KNiv4,CÃ¡lculos en Procesos AdiabÃ¡ticos | CÃ¡lculo de Presiones y Temperaturas en los puntos finales | Termo,"Apr 16, 2020",22077,39530,7.99,0:03:01
vlsR11mQXm4,ğŸ‘ï¸ Buscar valores en un dataframe a partir de datos de otro dataframe | Pandas | Python,"Jul 18, 2019",21979,60216,6.31,0:03:26
61bCJKa3K0w,Â¿SabÃ­as quÃ©?: Nombres de Dinosaurios,"Apr 30, 2017",21920,5064,2.27,0:00:49
RACZpeVxZ6k,ğŸ’½ Leer y grabar una matriz en archivo | TXT | CSV | Numpy | Python â”‚Â¡Muy fÃ¡cil!,"Aug 1, 2019",21554,21470,8.64,0:02:42
aVOIC4g75JA,Pandas desde cero: EstadÃ­sticas bÃ¡sicas para un archivo CSV (+4000 registros),"Jun 26, 2017",21170,45829,4.42,0:05:23
zpj2gwrw9vc,ã€°ï¸ğŸ”¥ RadiaciÃ³n | Transferencia de calor | TermodinÃ¡mica | Â¡Muy bÃ¡sico!,"Jun 1, 2020",21050,50613,9.8,0:02:28
RU-eZQ4bW-E,â†—ï¸ Â¿CÃ³mo graficar vectores en lÃ­nea? | Geogebra |Â¡Muy bÃ¡sico!|CÃ¡lculo Vectorial,"Jul 22, 2020",21046,40007,7.61,0:03:11
-NHAL7taSAs,Esto es CCTMÃ©xico,"Oct 27, 2017",20890,18285,1.33,0:00:28
OsIGegfG1Lg,Â¿CÃ³mo editar vÃ­deos con Kdenlive? (BÃ¡sico),"Mar 24, 2017",20573,3811,3.28,0:03:22
SoXSULMSmkA,ğŸ’¡Â¿CÃ³mo integrar expresiones con Series de Taylor? | Â¡Muy BÃ¡sico! | CÃ¡lculo Integral,"May 16, 2020",20485,22349,9.89,0:02:20
JtDlq2bXYgw,Calculadora descuentos en QT Designer| P3 | Python | (Â¡Muy bÃ¡sico!),"Aug 11, 2017",20087,49871,5.99,0:03:45
0IfAp19Tfzs,Importar y leer varios archivos de Excel | Guardar varias hojas de Excel | Pandas| Python |,"Jan 23, 2019",19898,57780,4.59,0:04:25
z7utAdYEoA0,Python: Integrales simbÃ³licas y numÃ©ricas,"Nov 14, 2016",19879,21321,10.22,0:01:54
Es7SCnzlXsE,Agregar una columna a un Data Frame| CSV | Pandas  | Python | Â¡Muy bÃ¡sico!,"May 13, 2018",19856,38990,10.77,0:02:05
y3eC8uboZds,RegresiÃ³n Lineal MÃºltiple | SciKitLearn | Machine Learning| Python | Â¡Muy bÃ¡sico!,"Jul 7, 2018",19854,62587,7.2,0:05:21
yqDq6Wl6Yoc,MÃ©todos NumÃ©ricos: EliminaciÃ³n Gaussiana (Principiante)/Gaussian Elimination (Beginner),"Oct 26, 2015",19335,22344,7.91,0:03:16
ZXcaz9q2JDg,Pandas para Python: BÃºsqueda de datos con condiciones (Muy BÃ¡sico),"Jul 15, 2017",19103,61410,4.07,0:03:16
v19JqmlFzTA,Funciones en Python: CÃ¡lculo de raÃ­ces con la fÃ³rmula general (BÃ¡sico),"Jun 15, 2016",18973,27828,6.2,0:02:16
d-1ZAqJQcr4,Â¿CÃ³mo hacer que la calculadora muestre fracciones normales en lugar de mixtas?,"Aug 31, 2016",18925,5354,7.55,0:01:07
n4qdakX6bfc,"Â¿CÃ³mo medir el tiempo en Python? (MÃ³dulo de Time, BÃ¡sico)","Mar 25, 2017",18839,29664,9.57,0:02:43
LpIofeTqgpc,GrÃ¡fica de senoâ”‚Entre dos valoresâ”‚ Python â”‚NumPy â”‚Matplotlibâ”‚Â¡Muy fÃ¡cil!,"Sep 17, 2017",18798,19623,5.9,0:01:33
OzGRu9au97I,Python: Diccionarios y cÃ³mo buscar valores en ellos (BÃ¡sico),"Apr 19, 2017",18782,21428,10.63,0:02:15
fJvAgRTH488,ğŸ¤– Â¿CÃ³mo subir imÃ¡genes en Google colab? | Dataset imÃ¡genes | Â¡Muy fÃ¡cil! |Python,"Dec 27, 2019",18773,45370,7.52,0:03:38
5V4812QMEvs,"EcuaciÃ³n Bernoulli | AnÃ¡lisis Dimensional | Despejes V, P | Â¡Muy bÃ¡sico!","Jul 27, 2018",18755,14821,14.96,0:02:28
Cg15OAX4IPg,"Calculadora cientÃ­fica: ConversiÃ³n de grados, minutos, segundos a decimales","Apr 25, 2016",18752,21562,9.08,0:01:15
4UTHNpiL-Mk,Abrir archivos de QT Designer en Python: P2 Ejecutando la aplicaciÃ³n en Spyder (BÃ¡sico),"Aug 6, 2017",18733,29558,8.69,0:02:07
SmlXF6Z1CXo,Excepcionesâ”‚Try â”‚Except â”‚Python â”‚Atrapar erroresâ”‚BÃ¡sico,"Oct 31, 2017",18732,35506,15.28,0:03:06
yzbZI3B3W24,ğŸ§® EstadÃ­sticas BÃ¡sicas  |  Calculadora cientÃ­fica | Casio fx-991ES PLUS,"Jul 19, 2019",18631,60600,9.26,0:02:30
KRsDwEpzu0U,Trabalenguasâ”‚Â¿QuÃ© tan rÃ¡pido los puedes decir â”‚Segunda parteâ”‚,"Oct 1, 2017",18448,2229,6.01,0:01:16
g_eKp3x3oco,MÃ¡ximos y MÃ­nimos AplicaciÃ³n: DiseÃ±o de envase cilÃ­ndrico (BÃ¡sico),"Jun 9, 2015",18413,16720,7.52,0:02:54
865Q41omqPk,Pandas + QT Designer| Python | PyQT5 | Pandas | Matplotlib | P4 |Â¡Muy bÃ¡sico!,"Dec 28, 2017",18189,40408,5.9,0:03:19
v4VeKRxQ9sU,ğŸ§® ConversiÃ³n de unidades | Ejemplos resueltos | MÃ©todo del factor unitario | Â¡Muy FÃ¡cil!,"Aug 21, 2020",17993,31474,13.37,0:03:24
hQz6vJZH2vU,Convertir nÃºmeros a letrasâ”‚Python â”‚Arreglos a listasâ”‚Â¡Muy fÃ¡cil!,"Oct 26, 2017",17834,12879,11.31,0:01:25
0nUF_oftd5k,Python desde Cero: Â¿CÃ³mo regresar al inicio de un ciclo While? (Continue/Pass),"Mar 12, 2017",17815,18498,13.32,0:02:06
aw1MrpAhKSc,Pandas para Python: Exportar a archivo CSV (Muy BÃ¡sico),"Jul 9, 2017",17799,38372,4.79,0:02:55
7u-MUbyeBeI,Pendientes: Rectas paralelas y perpendiculares,"Nov 2, 2016",17562,15361,12.41,0:02:11
310Ro2-C7D4,AplicaciÃ³n de ecuaciones lineales: Demanda (BÃ¡sico),"Apr 17, 2016",17486,7037,5,0:02:21
_s2KLMF_2mA,Circuito elÃ©ctrico|AplicaciÃ³n | Sistemas de ecuaciones lineales| Regla Cramer,"Oct 7, 2017",17474,14549,6.17,0:03:54
rUK6jAalDeU,"Gran Misterio: La zona mÃ¡gica de Comala, Colima","Apr 18, 2015",17245,22867,3.86,0:01:09
rCD1E4KYOIo,"Matrices: MultiplicaciÃ³n, inversa y soluciÃ³n de sistemas de ecuaciones lineales (Numpy, SciPy)","Aug 6, 2016",17226,21031,8.54,0:01:45
Dlblv2v9f7c,Â¿CÃ³mo buscar dentro de una cadena de caracteres? | REGEX | Python â”‚Â¡Muy BÃ¡sico! | Parte 1,"Jun 2, 2019",17075,38080,7.54,0:02:53
FpVeXhAQg9w,"Python: FactorizaciÃ³n de matrices LU (Paso a paso, bÃ¡sico)","Dec 22, 2016",17043,29879,6.65,0:03:48
YCFHySs60r0,MÃ©todo de Simpson | IntegraciÃ³n numÃ©rica |MÃ©todos NumÃ©ricos | Â¡Muy bÃ¡sico!,"Apr 17, 2020",16955,41449,8.54,0:02:28
IVIp63t549k,Desmos: Â¿CÃ³mo sacar una ecuaciÃ³n a partir de datos? (BÃ¡sico),"Jun 9, 2017",16872,23377,5.86,0:02:52
2tObZDNGTJI,Seaborn para Python: Â¿CÃ³mo visualizar datos con Pairplot? (Muy fÃ¡cil),"Jun 22, 2017",16779,51263,6.38,0:03:01
pvfOl4BFlzI,"Â¿CÃ³mo hacer las Macros en Excel, para cambiar formatos? (BÃ¡sico)","Jan 23, 2017",16759,14044,11.91,0:03:20
cJelxUK-oDQ,Minimizar la funciÃ³n objetivo|SciPy | Python |InvestigaciÃ³n de operaciones| Muy BÃ¡sico,"Nov 13, 2017",16554,23217,9.26,0:02:52
oIxSmELR7So,Archivo ejecutable en Python | Windows| PyInstaller |PyQT5| Python | Â¡Muy fÃ¡cil!,"Jan 10, 2018",16518,29192,3.71,0:03:40
aDpfiyCHmiA,Clases â”‚Python â”‚ProgramaciÃ³n orientada a objetosâ”‚Â¡Muy BÃ¡sico!,"Dec 26, 2017",16414,19444,4.17,0:03:31
H5-Gwg1UVtY,NormalizaciÃ³n| Preprocesamiento de datos | SciKitLearn | Machine Learning| Python | Â¡Muy bÃ¡sico!,"Oct 17, 2018",16223,41489,4.64,0:05:00
Oi0V8l1mL_A,Wolfram Alpha: Integrales definidas,"Feb 13, 2016",16083,5875,16.09,0:00:45
2aOOzW5eUjA,ğŸ FÃ³rmulas para calificar | Hojas de CÃ¡lculo  | Trabajo a Distancia | Google sheets |Â¡Muy FÃ¡cil!,"Mar 28, 2020",16022,15003,6.2,0:03:48
F1TNkJMgMBE,Escribir informaciÃ³n a un archivo csv| Pandas  | Python  | Â¡Muy BÃ¡sico!,"Aug 17, 2017",15811,37723,5.86,0:02:44
QHuFDLUTdt4,Modelos MatemÃ¡ticos |Excel 2016 | Â¡Muy fÃ¡cil! |,"Dec 28, 2017",15689,16150,18.88,0:01:05
svySL_g3XhQ,Cargar un CSV y hacer un Dataframe en lÃ­nea | Google Colab | Github | Python â”‚Â¡Muy fÃ¡cil!,"Jul 16, 2019",15458,26318,7.11,0:01:48
OPPS0fQdWF0,Datos para entrenar | Training Data Set  | SciKitLearn | train_test_split  |Machine Learning| Python,"Apr 16, 2018",15455,46597,4.79,0:04:47
ft9bSa49k-A,ğŸ¼ Â¿CÃ³mo cargar y descargar archivos CSV desde Google Colab? | â° En menos de 60 segundos | Shorts,"Jul 8, 2021",15452,29958,8.9,0:00:43
5m4WORAIFr4,Python desde Cero: Â¡Hola Mundo!,"Dec 26, 2016",15246,9204,5.29,0:02:23
4srj2_J3j4E,ğŸ—£ï¸ Reconocimiento de voz | Speech recognition | Python â”‚Â¡Muy bÃ¡sico!,"May 3, 2021",15146,32754,9.38,0:02:18
S26v2ChKjB8,Python: Â¿CÃ³mo contar palabras..y detenerse en la palabra Fin? (Por peticiÃ³n),"May 14, 2017",15117,14522,8.39,0:01:39
DWamxrsYFFM,"Python: Listas (list, append())","Sep 27, 2015",15107,19908,13.65,0:02:10
yifjehhpl9c,Â¿CÃ³mo bloquear celdas en Excel? (BÃ¡sico),"Jan 29, 2017",15026,132178,5.88,0:01:46
cBSpfgmShpo,SageMath: Lo BÃ¡sico,"May 11, 2015",14934,10510,13.73,0:01:53
EItTy8pwlgQ,Leyes de los signos: En exponentes,"Apr 17, 2016",14862,6041,10.71,0:01:46
64ZexHvnsvg,WolframAlpha: Despeje de ecuaciones,"Sep 16, 2016",14763,5890,17.54,0:00:56
iniDheGLFTA,Python: Funciones tres ejemplos (BÃ¡sico),"Apr 18, 2017",14685,18350,8.14,0:03:09
YLG8d-4KQUQ,"âš™ï¸ Ejercicios de la Segunda Ley de la TermodinÃ¡mica | IntroducciÃ³n | Â¡Muy, muy bÃ¡sico!","Feb 25, 2021",14634,66926,8.62,0:05:10
omlz4KYpCE8,Python desde Cero: Â¿CÃ³mo usar el While-Else?,"Feb 27, 2017",14573,46346,4.64,0:02:44
jy9guAqutIM,AplicaciÃ³n del MÃ©todo de Euler | Ecuaciones Diferenciales |MÃ©todos NumÃ©ricos | Parte 2,"Apr 24, 2020",14571,51546,5.32,0:03:49
hTLOjEfRghI,Â¿CÃ³mo usar funciones con matrices? | Numpy | Python desde ceroâ”‚Â¡Muy bÃ¡sico!,"Jul 2, 2019",14546,24499,8.65,0:02:26
8Zq8BEhug1k,ğŸ¼  Â¿CÃ³mo contar cuÃ¡ntas veces aparece un valor en una columna? | value_counts | Pandas| Python,"Apr 18, 2021",14404,23970,7.34,0:02:06
5RMVF89DJgk,ğŸ¤“ Â¿CÃ³mo resolver una ecuaciÃ³n diferencial de segundo orden? | Coeficientes constantes | Ejemplos,"May 7, 2020",14392,74811,6.95,0:03:26
zgMoD9-YGPM,MÃ©todo de Cramer | SoluciÃ³n de sistemas de ecuaciones lineales | Excel 2016 | Â¡Muy fÃ¡cil! |,"Mar 30, 2018",14385,16731,7.43,0:04:28
Ia_P7X4FlgA,ğŸ¼  Â¿CÃ³mo relacionar dos dataframes con una columna? | Merge | Pandas | Python | Â¡Muy fÃ¡cil!,"Apr 10, 2021",14381,68508,6,0:03:34
baUHml1gYOM,ğŸ–¼ï¸ Â¿CÃ³mo extraer texto de imÃ¡genes? | Python-tesseract | PDF2IMAGE | OCR | Python,"Feb 15, 2020",14374,31803,3.77,0:03:42
gz81UIsqG1Q,EvaluaciÃ³n de funciones | Tres opciones â”‚Sympy â”‚ Python desde ceroâ”‚Â¡Muy fÃ¡cil!,"May 22, 2018",14333,19336,7.08,0:02:35
r6bozgtfar4,ExtracciÃ³n de raÃ­ces | Teorema de Moivre  | NÃºmeros complejos | Ãlgebra Lineal |Ejemplo paso a paso,"Jul 2, 2018",14264,14261,5.33,0:03:42
8HbelxZU7to,Alternativa en Python a do while: while True (BÃ¡sico),"May 8, 2016",14252,16665,16.87,0:02:20
vjNaCJh7Ka4,ğŸ¼ o ğŸ¯ ClasificaciÃ³n de imÃ¡genes | 2 etiquetas | Keras | Tensorflow | Â¡Muy BÃ¡sico! |Python ğŸ¤–,"Dec 31, 2019",14182,30245,7.46,0:03:48
UW-NmTCWujc,Diferencia de fechas | Cambiar colores en celdas | Google Sheets | Google Drive| Â¡Muy FÃ¡cil!,"Mar 6, 2019",13946,35238,7.33,0:03:58
KU-xNpRgos4,MÃ©todo del trapecio | IntegraciÃ³n numÃ©rica |MÃ©todos NumÃ©ricos | Parte 1 | Â¡Muy bÃ¡sico!,"Apr 14, 2020",13919,46620,7.54,0:03:35
s9QLFx02P2Y,Redes Neuronales| ClasificaciÃ³n | SciKitLearn | Machine Learning| Python | Â¡Muy bÃ¡sico!,"Aug 8, 2018",13739,47833,4.49,0:05:25
nwqNeKQDjtY,MÃ©todo Gauss Jordan Parte 1: Ejemplo sencillo (Matriz 2 x 2),"Jun 2, 2015",13678,12158,5.56,0:02:36
s2V1xfzdKO8,Â¿CÃ³mo hacer Tablas Pivote?| Resumen de datos | Exportar a Excel| Python â”‚Pandas â”‚Â¡Muy fÃ¡cil!,"Jun 20, 2019",13613,41661,7.69,0:04:07
-Kx1TAsAb4E,Despejes muy rudos: Â¿CÃ³mo despejar la x en una ecuaciÃ³n con exponentes fraccionarios?,"Apr 14, 2017",13578,11032,5.86,0:02:02
To5lSv1ndac,AplicaciÃ³n de ecuaciones cuadrÃ¡ticas,"Apr 17, 2016",13520,2704,5.36,0:01:35
QJpE90cEaP0,ğŸ—ºï¸ Â¿CÃ³mo explorar los datos de un Dataframe? | GrÃ¡ficas interactivas|Plotly | Pandas | Python,"Mar 23, 2020",13431,26889,5.18,0:03:40
f4dM9Hkw5nc,Pandas para Python: SelecciÃ³n de renglones y columnas por nombre LOC (Muy BÃ¡sico),"Jul 3, 2017",13370,41109,3.13,0:04:12
00gd2NbloNI,TkInter para Python: Barra para desplazamiento vertical/Scrollbar (BÃ¡sico),"May 28, 2017",13353,21740,8.87,0:02:36
h2yDbU1VDsI,ğŸ¼ Â¿CÃ³mo hacer una nueva columna y asignar valores de forma condicional? | Pandas | Python,"Dec 7, 2020",13352,24527,7.74,0:02:34
GsQsuU2nspg,Resta entre fechas | Formato de fecha y horas â”‚DateTime â”‚Pythonâ”‚Â¡Muy fÃ¡cil!,"Apr 20, 2018",13254,26737,8.51,0:03:07
SvXKpSTw-1M,ğŸ¤“ Factor integrante | Ecuaciones diferenciales lineales | BÃ¡sico | Ejemplos resueltos paso a paso,"Apr 17, 2020",13189,55565,6.81,0:03:43
ql9ssE5spfI,Uso de la calculadora cientÃ­fica: Operaciones avanzadas,"Jun 17, 2015",13146,23113,6.8,0:02:20
n0EkLvSOWc8,ğŸ Â¿CÃ³mo conectar las hojas de CÃ¡lculo de Google con Python? | Gspread | Â¡Muy fÃ¡cil!,"Jan 4, 2020",13090,17193,6.08,0:03:27
S1EQ8sW5kMo,LÃ­mites con funciones | h tiende a cero| CÃ¡lculo Diferencial | Ejemplo resuelto | Â¡Muy BÃ¡sico!,"Aug 31, 2017",13076,3852,2.93,0:02:05
sTWCscGSJBg,Â¿CÃ³mo usar las hojas de cÃ¡lculo de Google? | Sheets | Muy FÃ¡cil  | P1,"Aug 13, 2017",13020,4144,3.19,0:03:15
Ww2kfuLpqGQ,Python: Â¿CÃ³mo instalar Spyder con Anaconda? (Por peticiÃ³n),"May 14, 2017",12961,13180,2.66,0:02:25
1uci36hgu3s,NÃºmero de Reynolds | AnÃ¡lisis dimensional | MecÃ¡nica de Fluidos | Paso a paso,"Jun 6, 2019",12774,17149,7.35,0:02:43
xmriTBEfa6g,GrÃ¡fica 3D â”‚DispersiÃ³nâ”‚Desde un archivo CSV â”‚Python â”‚Matplotlibâ”‚Â¡Muy fÃ¡cil!,"Jul 5, 2018",12709,21465,4.92,0:02:37
H9y2t84ov4k,Pandas para Python: Ordenar valores por columna (Â¡Muy BÃ¡sico!),"Jul 27, 2017",12615,30259,7.5,0:02:20
btj_oAHJfvM,SciPy: Polinomios de Lagrange en Python,"Aug 5, 2017",12611,17291,6.3,0:02:20
xq05Uvv7thQ,ValidaciÃ³n cruzada | K-Fold  | SciKitLearn | Machine Learning| Python | Â¡Muy bÃ¡sico!,"Apr 22, 2018",12407,27284,8.58,0:05:02
BDCZOheytaE,Extraer nÃºmeros en columnas de un archivo csv|DataFrame | Pandas  | Python,"Jan 20, 2018",12325,22533,6.31,0:02:24
auxb9CRelqI,ğŸ¤” Â¿QuÃ© son las integrales iteradas? | Integrales dobles| Â¡Muy bÃ¡sico!|CÃ¡lculo Vectorial,"Nov 21, 2020",12323,44735,6.9,0:04:26
sIo7S4jTqss,ğŸ¤“Â¿CÃ³mo sacar el Ãrea bajo la curva con ecuaciones paramÃ©tricas? | Â¡Muy bÃ¡sico!|CÃ¡lculo Vectorial,"Sep 16, 2020",12124,31363,7.95,0:03:24
UN6WcwRQIVc,Desmos: Â¿CÃ³mo hacer la grÃ¡fica de una sumatoria?,"Jun 12, 2017",11881,13171,4.59,0:01:27
-qYljhR4hsc,AnÃ¡lisis de Sentimientos | IntroducciÃ³n | TextBlob | Machine Learning| Python | Â¡Muy bÃ¡sico!,"Jun 13, 2019",11782,14997,7.29,0:03:13
xFwTKedPiz8,ğŸ¼ Â¿CÃ³mo acceder o cambiar un solo valor de un Dataframe? | Pandas | Python â”‚Â¡Muy bÃ¡sico!,"Dec 15, 2019",11742,29157,6.6,0:02:32
S0wBCpuGToM,ğŸ¼ Â¿CÃ³mo agrupar por fechas en un dataframe? | Ventas: suma |Pandas | Python,"Jun 26, 2020",11716,25673,6.55,0:03:28
95C-NgVzc2I,ğŸ¤“ ClasificaciÃ³n bÃ¡sica de las Ecuaciones Diferenciales | IntroducciÃ³n |Â¡Muy bÃ¡sico!,"Jan 28, 2020",11623,66839,4.23,0:05:10
J9jUNRYXFHk,Clases |Invocar los mÃ©todos | Python |ProgramaciÃ³n orientada a objetos|Â¡Muy BÃ¡sico!,"Apr 18, 2018",11538,11562,6.48,0:02:47
YPzfsiD4SPc,GrÃ¡fica 3D â”‚Sistemas de Ecuaciones Lineales â”‚Python â”‚NumPy â”‚Matplotlibâ”‚Â¡Muy fÃ¡cil!,"Jul 3, 2018",11410,36789,4.36,0:03:52
6Nr7SNwb1nc,"Python: Piedra, Papel o Tijeras (Â¡Muy BÃ¡sico!)","Aug 11, 2017",11372,16739,5.15,0:02:42
NmFnP8vqN2o,Â¿CuÃ¡ndo usar Arreglos de Numpy o Listas?â”‚Python â”‚Ejemplosâ”‚Â¡Muy fÃ¡cil!,"Oct 16, 2017",11306,23955,3,0:03:40
z1fiSUjhljo,Â¿CÃ³mo simplificar expresiones? (Ãlgebra bÃ¡sica),"Sep 11, 2016",11266,3501,1.69,0:02:53
jIZlL7m8en4,MÃ©todo del trapecio MÃºltiple en PYTHON (Muy bÃ¡sico),"Jul 8, 2017",11258,23901,5.87,0:03:15
kXuIuuTfWms,Â¿CÃ³mo resolver problemas de mezclas y porcentajes en MatemÃ¡ticas? (BÃ¡sico),"Aug 29, 2016",11249,5937,5.26,0:02:29
SKr6rJuyFL8,CÃ¡lculo de Derivadas numÃ©ricas |MÃ©todos NumÃ©ricos | Â¡Muy bÃ¡sico! | Parte 1,"Apr 13, 2020",11238,19570,7.3,0:03:14
3b0mKJF_Ebg,Â¿CÃ³mo buscar una palabra dentro de varias palabras? | Archivo txt | Dataframe | Python â”‚Â¡Muy BÃ¡sico!,"Sep 11, 2020",11130,25774,7.53,0:02:38
MaypM_PUuPk,ğŸ‡²ğŸ‡½ Â¿CÃ³mo hacer la grÃ¡fica (mapa) de un sÃ³lo paÃ­s? |Choropleth | Plotly | Python,"Apr 19, 2020",10911,27980,5.46,0:03:35
aNuOq3vMw50,ğŸï¸ Â¿CÃ³mo animar una grÃ¡fica de Matplotlib? | matplotlib.animation | Python | Ejemplo muy bÃ¡sico,"May 29, 2021",10906,38275,8.4,0:02:39
LIvdhruc_74,Asignar valores a ComboBox |QT Designer| Python | PyQT5 | Pandas | Matplotlib | P5 |Â¡Muy bÃ¡sico!,"Jan 2, 2018",10854,19539,6.61,0:02:35
oy1lcj8s8sQ,AnÃ¡lisis de Sentimientos en comentarios | Dataframe | TextBlob | Python | Â¡Muy bÃ¡sico!,"Jun 16, 2019",10850,26757,4.48,0:04:29
uFildlz9_X0,RaÃ­ces de un polinomioâ”‚Python â”‚NumPy â”‚Â¡Muy fÃ¡cil!,"Sep 10, 2017",10620,11870,7.16,0:01:35
Dkg4cSvqv10,ğŸ“ˆ â²ï¸ Â¿CÃ³mo graficar datos de arduino en tiempo real? | Arduino con Python desde cero | Â¡Muy bÃ¡sico!,"May 30, 2021",10618,37366,7.69,0:02:24
yfOe1OO744w,Â¿CuÃ¡les bloques sirven para que un enemigo dispare? | Juego | Scratch | Â¡Muy BÃ¡sico!,"Apr 22, 2019",10505,24678,8.06,0:02:25
nZCdL-Enfok,Listas de calificaciones que se llenan solas (Formularios y Google sheets),"Jul 12, 2017",10472,5496,8.55,0:02:24
uYtE3fwhCyA,RegresiÃ³n lineal mÃºltiple | StatsModel | Python,"Jul 15, 2019",10378,16925,7.82,0:02:25
rovvIf3TLBw,â†—ï¸ Â¿CÃ³mo graficar las ecuaciones de la recta y el plano en su forma vectorial ? | 3D | Geogebra,"Aug 5, 2020",10326,12604,8.33,0:02:17
YtqDK51ZgY8,Calculadora cientÃ­fica: Tecla ENG (NotaciÃ³n IngenierÃ­a),"Apr 25, 2016",10294,10483,12.32,0:00:58
kmSd_Yg6Ge4,âš—ï¸ Conversiones con el NÃºmero de Avogadro | Ejemplos resueltos | Paso a paso | Â¡FÃ¡cil!,"Dec 21, 2019",10288,34657,14.03,0:03:22
0ZXv8gyjmws,ğŸ“Š Â¿CÃ³mo personalizar las grÃ¡ficas de lÃ­neas? | Matplotlib | Python,"Apr 21, 2021",10196,36728,5.11,0:02:48
BkM83wZ4fsQ,Â¿CÃ³mo usar la fÃ³rmula FECHA en Excel?,"Jan 22, 2017",10138,4634,6.88,0:02:58
bmM_RhjuT3k,ğŸ¼ Â¿CÃ³mo agregar un renglÃ³n o columna con resultados? | Pandas | Python â”‚Â¡Muy bÃ¡sico!,"Nov 15, 2019",10130,21063,3.56,0:02:20
UccXM2Mqqu0,ğŸ¤”Â¿CÃ³mo son las ecuaciones paramÃ©tricas? | IntroducciÃ³n |Â¡Muy bÃ¡sico!|CÃ¡lculo Vectorial,"Sep 1, 2020",10027,29875,5.56,0:03:48
sCFhmGVloPw,Borrar renglones de un archivo csv| Pandas  | Python  | Â¡Muy BÃ¡sico!,"Aug 17, 2017",9934,21249,5.17,0:01:57
9-cADWSsJEs,Convertidor unidades |3 ventanas | QT Designer| Python | PyQT5 | Ejemplo|Â¡Muy bÃ¡sico!,"Jun 7, 2018",9864,27362,4,0:04:33
v97dj56NAU0,MÃ©todo de Euler para resolver un Sistema de Ecuaciones Diferenciales |MÃ©todos NumÃ©ricos,"May 3, 2020",9831,19572,6.66,0:02:21
RC5PtFdIE4k,Ejemplo sencillo Support Vector Machine | ClasificaciÃ³n | Scikit-learn Â¡Muy..pero muy bÃ¡sico!,"Jul 8, 2019",9798,24485,8.15,0:04:13
9olrqgamaXI,ğŸ§  ClasificaciÃ³n con Deep Learning | Red Neuronal | Keras | Python | Ejemplo sencillo,"May 3, 2020",9731,18407,6.26,0:04:42
NEAKTfi6ZlU,MÃ©todos NumÃ©ricos: MÃ©todo de Newton - Raphson,"Oct 5, 2015",9604,5352,5.29,0:01:45
5jZwUzG0kgI,Â¿CÃ³mo unir hojas de Excel en un solo dataframe? | Pandas | Python,"Mar 28, 2019",9580,25179,4.75,0:03:57
-KrhCSrWQsQ,CÃ¡lculo de las presiones | ManÃ³metro Diferencial | MecÃ¡nica de Fluidos | BÃ¡sico,"Jan 11, 2018",9494,7728,3.92,0:02:36
Edr3IpGyxbk,Excel: Â¿CÃ³mo ordenar de menor  a mayor utilizando k.esimo? (BÃ¡sico),"Mar 25, 2017",9467,9276,5.84,0:02:45
GnTnXHrdl70,ğŸ§® Â¿CÃ³mo cambiar el color de las celdas con condiciones? | â°Google sheets en 60 segundos | Shorts,"Jun 14, 2021",9441,15194,12.76,0:00:34
LJpBZSCy2iI,Python: Conjuntos (Sets) y sus operaciones (BÃ¡sico),"Apr 20, 2017",9411,20789,7.76,0:02:55
M2hpO_9hplA,InterpolaciÃ³n cuadrÃ¡tica  | CÃ³digo |Python | MÃ©todos NumÃ©ricos  | Â¡Muy bÃ¡sico!,"Nov 5, 2017",9272,11869,6.26,0:02:16
5ftC7ctqwxk,ğŸ”¬ ğŸ¦  Modelo SIR |TransmisiÃ³n de enfermedades |Scipy |Python,"Apr 12, 2020",9257,11971,5.23,0:03:45
g4ZDaQ3VR2g,Archivo ejecutable en Python | Ubuntu | PyInstaller |PyQT5| Python | Â¡Muy fÃ¡cil!,"Jan 9, 2018",9220,18975,5.11,0:03:26
VApWvS6nAGY,Juego tipo Dinosaurio de Google | Scratch | Parte 1,"Jun 30, 2018",9204,4028,3.97,0:03:33
EXdpnx1sEeI,Diferencias Finitas Centradas  | CÃ³digo |Python | MÃ©todos NumÃ©ricos  | Â¡Muy bÃ¡sico!,"Nov 26, 2017",9159,11271,7.96,0:02:08
GuwoiAALYv0,Python: Condicionales (IF y else),"Sep 7, 2015",9050,2641,6.36,0:01:46
jhHonUn79gg,Alternativa en Python a switch case: elif (BÃ¡sico),"Apr 29, 2016",9007,4892,9.93,0:01:38
n_LTVlxf4jM,GrÃ¡ficas de columnas DataFrame | Guardar como PNGâ”‚Python | Pandas â”‚Â¡Muy fÃ¡cil!,"Apr 7, 2019",9000,26240,4.15,0:04:16
eZvgGwd4HO0,Experimento: Lava en una botella Â¡Con sÃ³lo 4 ingredientes!,"Jul 27, 2016",8998,2623,2.4,0:03:28
xRRQFwiXXYM,Programa desde cero para elevar potencias positivas y negativas  |Python desde ceroâ”‚Â¡Muy bÃ¡sico!,"Aug 15, 2018",8981,24002,11.68,0:02:20
kYy8l_spJUo,CÃ¡lculo de Ã¡reas: Suma de Riemann con n al infinito (BÃ¡sico),"Jan 17, 2017",8963,21755,6.23,0:03:23
JG3MFdwPut4,CÃ¡lculo de las velocidades en una tuberÃ­a | MecÃ¡nica de Fluidos | PeticiÃ³n | Muy bÃ¡sico,"May 17, 2018",8946,22255,5.29,0:02:44
m_o3cLlUvsM,Python desde Cero: Â¿CÃ³mo elegir entre varias opciones? (ELIF BÃ¡sico),"Feb 19, 2017",8942,8458,8.51,0:01:54
lJkBTxYzf-M,MÃ©todos NumÃ©ricos: MÃ©todo de la Secante,"Oct 4, 2015",8935,8580,8.59,0:01:33
a65zAebdJMI,Desigualdades: AplicaciÃ³n,"Sep 26, 2015",8913,4710,7.09,0:01:53
hx1htIFEY_4,"Â¿CÃ³mo calcular presiÃ³n, volumen y temperatura? | Ciclo de Carnot |TermodinÃ¡mica | Ejemplo resuelto","Apr 13, 2019",8893,10756,6.83,0:02:36
E212bOvP5s0,ğŸ–¼ï¸ Â¿CÃ³mo insertar imÃ¡genes en celdas? | Buscar imÃ¡genes | Google sheets | Hojas de cÃ¡lculo,"Jun 29, 2020",8881,23345,5.11,0:03:02
0TJ9wsbSr2M,NumeraciÃ³n automÃ¡tica de Tablas |Â¡RÃ¡pido!| Tablas | Word 2016 | Â¡Muy fÃ¡cil! |,"Sep 29, 2018",8761,15178,14.9,0:01:43
2yDPI--i7hI,"Extraer horas, minutos y segundos de columnas archivo csv|DataFrame | Pandas  | Datetime | Python","Jan 24, 2018",8721,25301,4.81,0:02:55
Pz1e-eiiF9g,ColisiÃ³n entre dos objetos |Velocidades finales |Ejemplo resuelto | FÃ­sica| Â¡Muy bÃ¡sico!,"May 14, 2018",8677,6056,6.04,0:03:12
nOfHt5MvhNg,ğŸ¼ Â¿CÃ³mo iterar sobre columnas? | Operaciones sobre varias columnas |Pandas|Python | Â¡Muy fÃ¡cil!,"Jan 13, 2022",8654,83728,5.02,0:03:19
Z7-V0FmqpzY,ğŸ—ºï¸ Â¿CÃ³mo hacer una grÃ¡fica de mapa? | choropleth|Plotly | Pandas | Python,"Mar 15, 2020",8640,27203,3.8,0:04:14
eE4iyQ-CuCk,ğŸ§ Â¿De quÃ© trata el texto? | Cuenta las palabras mÃ¡s frecuentes | NLTK | collections | Python,"Dec 4, 2019",8638,25295,5.04,0:04:27
Misr9D71IlI,ğŸ¤– ClasificaciÃ³n imÃ¡genes | Tensor Flow | Keras  Redes neuronales | Google Colab |Python | Intro,"Dec 24, 2019",8577,18496,5.17,0:02:57
7Ssb7IDOQ0k,Â¿CÃ³mo graficar algunas columnas de un DataFrame | Guardar  ZIP| Pythonâ”‚Matplotlib | Pandas | BÃ¡sico,"Apr 21, 2019",8417,22710,3.61,0:03:05
PXuMNPaUAy4,Mini-Galaxia en una botella (Con diamantina/Glitter),"Dec 23, 2016",8388,8791,5.57,0:02:11
PyapqnwbVI0,Clasificador de textos | Positivo o Negativo | TextBlob | Machine Learning| Python | Â¡Muy bÃ¡sico!,"Jul 1, 2019",8378,15660,6.63,0:02:29
LAyZHjNp2tE,CombinaciÃ³n de correspondencia | Google Drive| AutoCrat |Â¡Muy FÃ¡cil!,"Jan 24, 2019",8376,8502,4.75,0:04:59
MBabcr-qHx0,Acertijo 1: Encuentra los nÃºmeros que sumados dan 20,"Dec 28, 2015",8355,1973,4.61,0:01:07
p9QbPMP5GRo,Matrix confusion | MÃ©tricos | ClasificaciÃ³n | SciKitLearn | Machine Learning| Python | Â¡Muy bÃ¡sico!,"Sep 22, 2018",8355,17893,10.2,0:03:16
6ADGD1Hg_j0,Sumatorias: Propiedades,"Feb 7, 2016",8342,20039,14.09,0:01:58
Tg6kTh9ydNQ,CÃ¡lculo de la velocidad con el NÃºmero de Reynolds | MecÃ¡nica de Fluidos | Paso a paso,"Jun 12, 2019",8250,11543,8.07,0:02:22
0Ch11Vs0Fuo,EncriptaciÃ³n de mensajes | Cifrado CÃ©sar | SymPy | Python | Â¡Muy bÃ¡sico!,"Jun 16, 2018",8171,12428,8.48,0:01:49
k05mLHLnMkE,Imprimir listas con condiciones | IF dentro de ciclos FOR â”‚Listas â”‚Pythonâ”‚Â¡Muy fÃ¡cil!,"Mar 30, 2018",8152,8292,11.76,0:01:26
G1TAe9_Kedc,"ğŸ’¡ Â¿CÃ³mo pasar funciones como argumentos en otra funciÃ³n? | Python desde cero | Â¡Muy, muy BÃ¡sico!","Oct 17, 2021",8077,12060,9.07,0:01:58
M0rPlFvzHoc,ğŸ§® Â¿CÃ³mo calcular los Cuartiles? | GrÃ¡fica caja y bigotes | Pandas | Numpy | EstadÃ­stica Â¡Muy fÃ¡cil!,"Oct 20, 2019",8018,15398,5.79,0:02:47
T19HKePaTnM,Despejes muy rudos: Â¿CÃ³mo despejar la x de un tÃ©rmino elevado a la 3/2?,"Jun 4, 2017",7904,3587,4.15,0:01:32
6MWKGjDYKIM,IntegraciÃ³n por partes: ILATE (FunciÃ³n exponencial),"May 5, 2017",7888,3466,1.73,0:02:15
2XhnuScLgLs,Movimiento ParabÃ³lico|AplicaciÃ³n | CÃ¡lculo Vectorial| Â¡Muy fÃ¡cil!,"Oct 24, 2017",7731,8480,7.65,0:03:17
s_Juv3vX9bo,ReducciÃ³n de dimensiones | AnÃ¡lisis del componente principal | PCA  |Machine Learning| Python,"Aug 25, 2019",7560,22201,7.75,0:03:52
Yfx92kdZRNo,AplicaciÃ³n del mÃ©todo Newton-Raphson | EcuaciÃ³n Van Der-Waals | MÃ©todos NumÃ©ricos,"Jun 24, 2020",7544,8208,5.7,0:02:47
umfJzZyEf_A,ğŸ¤“ Â¿CÃ³mo usar las Transformadas de Laplace para resolver un Sistema de Ecuaciones Diferenciales?,"May 31, 2020",7542,22644,5.07,0:03:20
1tZVWxSFO0M,ğŸ¤” Â¿CÃ³mo leer las fÃ³rmulas de las derivadas? | Paso a paso | ComprobaciÃ³n Symbolab | Â¡Muy BÃ¡sico!,"Nov 22, 2019",7505,5060,8.16,0:02:15
KxmAGKPYrjc,ğŸ¤“ Primera y segunda derivadas de las ecuaciones paramÃ©tricas? | Â¡Muy bÃ¡sico!|CÃ¡lculo Vectorial,"Sep 4, 2020",7489,25774,4.14,0:04:07
hmt5hjR8Vt8,Acertijo 2: Â¿QuÃ© nÃºmeros sumados dan 15?,"Jan 3, 2016",7488,1121,5.44,0:01:03
j8eztoRLBTM,ğŸ+ ğŸ¼ Â¿CÃ³mo usar Pandas con las hojas de CÃ¡lculo de Google? | Gspread | Google Colab | Â¡Muy BÃ¡sicol!,"Jan 5, 2020",7455,18170,5.11,0:02:56
0RSu4Amfscc,Â¿CÃ³mo usar las Tablas DinÃ¡micas en Excel? (BaÅ›ico),"Jan 24, 2017",7352,10564,10.01,0:03:48
CE4rwF8V4kg,Â¿CÃ³mo visualizar variables de un DataFrame rÃ¡pido?| Seaborn | Pairplot â”‚Python â”‚Pandas â”‚Â¡Muy fÃ¡cil!,"May 1, 2019",7338,16158,4.35,0:04:18
L4YT2q47pyM,Uso de la calculadora cientÃ­fica: Funciones TrigonomÃ©tricas (Radianes y grados),"Jan 30, 2016",7258,4213,5.79,0:01:46
QWE5XCCxfGY,Wolfram Alpha: Fracciones Parciales,"Apr 10, 2016",7250,2790,15.48,0:00:48
ughPw3E31vM,Mi primer programa | Python â”‚ProgramaciÃ³n para pekes â”‚Â¡Muy fÃ¡cil!,"Apr 17, 2018",7088,9431,12.28,0:03:01
TqyVMryn0r4,Despejes muy rudos: Â¿CÃ³mo sacar la x de una raÃ­z cuadrada?,"Sep 16, 2016",7064,7439,3.66,0:01:50
9hwqdT4WVKs,PrÃ¡ctica con diccionarios | anidados | Python desde ceroâ”‚Â¡Muy bÃ¡sico!,"Jul 4, 2019",7042,14855,9.83,0:02:58
C4ExMCS-SBA,ğŸ¼+ğŸ“ˆ Â¿CÃ³mo graficar dos columnas  de un Dataframe en Matplotlib? | â° en menos de 60 segundos | Shorts,"Jun 16, 2021",7011,12442,8.14,0:00:39
EEeP_AWTQO8,Â¿CÃ³mo hacer derivadas de funciones trigonomÃ©tricas en Python?,"Mar 26, 2017",6970,13879,5.01,0:02:00
3of4Wko4CzA,Recta numÃ©rica: SÃ­mbolos de desigualdad e Intervalos (Â¡Muy bÃ¡sico!),"Jun 23, 2017",6916,9433,6.74,0:02:58
0rk9iEuG2bI,ğŸ§  Ejemplo mÃ¡s sencillo: RegresiÃ³n lineal mÃºltiple con Keras Deep Learning | Red Neuronal | Python,"Jul 16, 2020",6887,18258,7.15,0:04:25
PcTaDiuMQQ8,ğŸ¼ Operaciones con las columnas de un dataframe en Pandas | â°Pandas en menos de 60 segundos | Shorts,"Jun 30, 2021",6868,11850,11.05,0:00:35
ErvHQ5s74FA,ClasificaciÃ³n | KNeighbors | RandomForest | SciKitLearn | Machine Learning| Python,"Jul 13, 2018",6806,27902,2.85,0:07:04
JypubYJH6YM,"ğŸ¤“ Derivadas con funciones vectoriales | producto punto, cruz | Â¡Muy bÃ¡sico! | CÃ¡lculo Vectorial","Oct 23, 2020",6783,20566,6.76,0:03:29
r1DSY6y_Z2E,Traducir y detectar el idioma de un texto | TextBlob | Machine Learning| Python | Â¡Muy bÃ¡sico!,"Jun 10, 2019",6724,12536,6.91,0:02:31
CJVAL3Nd_gI,Despejes muy rudos: Â¿CÃ³mo despejar la x de una raÃ­z cÃºbica?,"May 28, 2017",6715,5164,6.66,0:01:42
pzRmv3qGROw,AplicaciÃ³n de NÃºmeros Complejos: SoluciÃ³n de circuitos con fasores,"May 25, 2017",6675,2386,4.69,0:03:31
qqflH0o5Fio,Python desde Cero: Adivina un nÃºmero entre el 1 y 5 (Ciclo While),"Feb 27, 2017",6619,13614,4.58,0:02:29
qUd3nPUPuxc,ğŸ”¥ Transferencia de calor en paredes | Conductividad | Muy bÃ¡sico | TermodinÃ¡mica,"May 31, 2020",6566,20479,7.14,0:02:41
V4hbzn-Lh_Y,Trapecio mÃºltiple  | IntegraciÃ³n |Python | MÃ©todos NumÃ©ricos  | BÃ¡sico,"Sep 24, 2017",6498,10970,4.31,0:02:35
CzN8ehhy6JI,CÃ¡lculo Integral: Ãrea entre dos curvas (BÃ¡sico),"Nov 13, 2016",6434,4194,2.69,0:02:47
AiMi3qivj-k,Ciclo de Diesel | CÃ¡lculo de Presiones y Temperaturas en todos los puntos | TermodinÃ¡mica,"May 21, 2020",6373,11883,5.12,0:03:56
EmxClt7Ir9k,"ğŸ“• Leer datos, cambiar tipo datos, informaciÃ³n del DataFrame | VideoTK |Vol 1|Pandas | Python BÃ¡sico","Jun 13, 2020",6348,6760,3.79,0:03:39
uU0U-x8CNOU,Wolfram Alpha: Sumatorias,"Feb 7, 2016",6315,2571,7.7,0:01:02
HQ_V3KXkDRc,Python desde Cero: Variable auxiliar (Intercambio de valores),"Dec 28, 2016",6314,11274,7.68,0:02:19
vTCIkO3sOtg,Aplicaciones del MÃ©todo de Diferencias Finitas | Ecuaciones Diferenciales |MÃ©todos NumÃ©ricos,"Apr 27, 2020",6285,21834,5.89,0:02:06
Ebmw-iHPb2w,ChemPy: Balancea ecuaciones quÃ­micas en Python,"Mar 29, 2017",6202,9030,11.01,0:02:07
WSIxNDoIQuk,"Python desde Cero: El ciclo For, Â¿CÃ³mo contar hacia atrÃ¡s?","Jan 5, 2017",6186,7170,6.25,0:01:31
nOPQDCPFGx0,Python desde Cero: Â¿CÃ³mo elegir dentro de un Rango? (Operador AND),"Feb 19, 2017",6103,3493,10.28,0:01:18
s1omdXUHb4g,Temas diagnÃ³stico de Secundaria: ResoluciÃ³n de problemas de interÃ©s (BÃ¡sico),"Apr 15, 2017",6022,993,7.05,0:03:39
ObUCXrDSXyI,Validar direcciones correo electrÃ³nico |  validate_email | Pandas | Python | Â¡Muy bÃ¡sico!,"Mar 25, 2019",5978,12080,4.35,0:02:07
oWZLI_GxJTc,Traduce al inglÃ©s cualquier palabra | Juego adivinanzas | Scratch | Â¡Muy fÃ¡cil!,"Feb 22, 2019",5978,17795,6.34,0:04:13
S7j3A-nPSqs,ğŸ—‚ï¸ Â¿CÃ³mo hacer filtros con fÃ³rmulas? | Filter | MÃºltiples resultados | Google Sheets |Â¡Muy FÃ¡cil!,"Dec 10, 2019",5950,3553,4.17,0:03:01
XeaVdivFlik,Listas en dos dimensiones | Listas con columnas â”‚Llenado de listas â”‚Pythonâ”‚Â¡Muy fÃ¡cil!,"Mar 28, 2018",5866,15465,6.87,0:02:25
4fUYS3R7iL8,ğŸ¤”Â¿CÃ³mo utilizar las Series de Taylor? | IntroducciÃ³n | CÃ¡lculo Integral,"May 13, 2020",5864,8437,3.84,0:03:11
On1O3BDnRdo,"Â¿CÃ³mo encontrar x, y de dos ecuaciones? (MÃ©todo de eliminaciÃ³n)","Jan 6, 2017",5854,1405,4.27,0:02:11
djj5RMN7yLw,"Â¿CÃ³mo hacer una recomendaciÃ³n?| Videos | SciKitLearn | Machine Learning| Python | Â¡Muy, muy bÃ¡sico!","Apr 26, 2019",5800,16071,6.5,0:05:36
EfhiUQI17nk,Levaduras en acciÃ³n,"Nov 23, 2014",5762,2008,6.62,0:00:25
JUIsq-04bM4,Calcula raÃ­ces cuadradas en QT Designer| P3 | Python | PyQT5 | NumPy| (Â¡Muy bÃ¡sico!),"Sep 5, 2017",5672,25471,3.69,0:04:16
C9Ftzola0YU,La ecuaciÃ³n mÃ¡s romÃ¡ntica |Despejar x | MatemÃ¡ticas BÃ¡sicas | Â¡Muy fÃ¡cil!,"Sep 24, 2018",5656,7742,10.17,0:02:05
s9MACgU1PIQ,"Encontrar PresiÃ³n, volumen y temperatura |Ciclo de Otto | En todos los puntos |TermodinÃ¡mica","May 12, 2019",5555,5681,5.95,0:02:57
A42J_a4Y67o,ğŸ’¡ Â¿CÃ³mo hacer un diagrama de celda galvÃ¡nica o voltaica? | ElectroquÃ­mica | IntroducciÃ³n | BÃ¡sico,"Nov 30, 2020",5502,12762,9.04,0:04:03
mVe0tmEMjkw,ğŸ+ğŸ“‚ Extraer informaciÃ³n especÃ­fica de varios PDF guardar datos en dataframe | Exportar a CSV y Excel,"Feb 21, 2023",5502,53541,5.95,0:03:11
5gCvBHB0wZk,Derivadas | RaÃ­z cuadrada | Potencias | Regla de la cadena  |Ejemplo resuelto | Â¡Muy BÃ¡sico!,"Aug 22, 2017",5480,35505,4.07,0:03:22
GjJGmxdUBRY,Resolver sistemas de ecuaciones  |  Calculadora cientÃ­fica | 2x2 | 3x3 | Casio fx-991ES PLUS,"Oct 1, 2018",5460,16856,10.68,0:01:49
MvNwvXjGlJs,Guardar grÃ¡ficas en JPG | Ciclo For en GrÃ¡ficas â”‚Python â”‚Matplotlibâ”‚Â¡Muy fÃ¡cil!,"Jan 13, 2019",5448,12757,7.2,0:02:30
rOkHjUyED_I,"ğŸ“• Filtros en Pandas: iloc, loc | Parte 1 | VideoTK | Vol 2 | Python BÃ¡sico","Aug 2, 2020",5448,19802,4.33,0:05:09
RIS5CZ7KphM,ğŸ¼ğŸ§­ ConversiÃ³n de coordenadas a direcciones y paÃ­s en un Dataframe | Geopy | Pandas | Python,"Dec 21, 2019",5443,20010,4.42,0:03:11
xG5PhUMBqxQ,Â¿CÃ³mo sacar el volumen de un sÃ³lido de revoluciÃ³n? | MÃ©todo de Discos | Eje de las X | Muy bÃ¡sico,"May 18, 2019",5430,4441,3.4,0:02:20
I8jtFEwvlHM,ğŸ¤” Â¿CÃ³mo ver todos los pasos para sacar el dominio de una funciÃ³n en lÃ­nea? | Symbolab | Â¡Muy FÃ¡cil!,"Sep 23, 2019",5419,4203,5.07,0:01:15
38uX_d3N9Oo,ğŸ¤“ Transformadas Inversa de Laplace | Ecuaciones Diferenciales |Â¡Muy bÃ¡sico!,"May 18, 2020",5393,32294,3.49,0:02:37
MB_pifxhSEY,"ğŸ+ ğŸ¤³ Â¿CÃ³mo hacer y leer cÃ³digos QR con Python? | qrcode, pyzbar | Python | Google Drive","Jan 7, 2022",5362,27745,7.09,0:02:22
HpLYgKU57eE,Seleccionar renglones o columnas |ğŸ° Slicing | Numpy | Python â”‚Â¡Muy fÃ¡cil!,"Jul 22, 2019",5351,25887,4.34,0:03:32
lRFjE7hRVes,ğŸ•°ï¸ Diferencia de fechas y horas | Pandas | Python â”‚Â¡Muy fÃ¡cil!,"Aug 15, 2019",5345,14141,5.28,0:02:40
YPP_scBynhA,Â¿CÃ³mo programar los checkbox? |QT Designer| Python | PyQT5 | Ejemplo|Â¡Muy bÃ¡sico!,"Jan 28, 2018",5343,15422,5.45,0:02:47
HuxtHlqCapA,Variables â”‚Python 3.x â”‚Desde cero â”‚Â¡Muy BÃ¡sico!,"Jan 3, 2018",5310,5881,4.74,0:04:58
2qPFhTYyGWM,Â¿QuÃ© es una funciÃ³n Lambda?| Funciones lambda en un DataFrame | Python â”‚Pandas â”‚Â¡Muy fÃ¡cil!,"Jun 14, 2019",5300,25219,4.29,0:04:22
UuY-a01EQdk,Python: Entrada y salida de datos (print y raw_input),"Sep 7, 2015",5238,2689,6.21,0:01:31
a2m9ctdf9hk,Calor |Cambio de temperaturas| Ejercicios resueltos | Â¡Muy bÃ¡sico!,"Sep 5, 2018",5237,14725,8.86,0:02:03
fyfkLHWU-wQ,Resuelve integrales en lÃ­nea | Symbolab | CÃ¡lculo Integral | Â¡FÃ¡cil!,"Feb 23, 2019",5192,3800,5.29,0:01:48
RU--D9BWIT4,ğŸ§  El ejemplo mÃ¡s sencillo: RegresiÃ³n lineal con Keras |Deep Learning | Red Neuronal | Python,"Jun 29, 2020",5191,10896,4.97,0:03:48
L5fOULUaKWA,MÃ¡ximos y mÃ­nimos | OptimizaciÃ³n | CÃ¡lculo Diferencial | AplicaciÃ³n |Ejemplo resuelto | Â¡Muy BÃ¡sico!,"Aug 19, 2017",5155,2592,4.51,0:03:13
XKyX1ag4tnE,ğŸ§® Promedio mÃ³vil | Python | Rolling | EstadÃ­stica â”‚Â¡Muy fÃ¡cil!,"Sep 29, 2019",5150,9600,7.84,0:03:11
7YClapAdpyY,"Adivinanzasâ”‚Adivina, adivinador â”‚Primera parteâ”‚","Feb 5, 2018",5136,1469,2.93,0:01:24
5kIsicHQjRk,ğŸ¤“ Â¿CÃ³mo sacar los coeficientes para las series de Fourier? |Ejemplo muy sencillo | Â¡Muy bÃ¡sico!,"Jun 7, 2020",5063,13759,6.23,0:03:10
CeAIsabI0pE,AplicaciÃ³n de ecuaciones exponenciales,"Apr 17, 2016",5058,3753,10.42,0:01:10
IpYlE0TDMJ0,ğŸ—‚ï¸ Â¿CÃ³mo cambiar los nombres de archivos en una carpeta? | Python desde ceroâ”‚Â¡Muy fÃ¡cil!,"Aug 31, 2020",5049,8311,8.17,0:02:08
Ovg87CiDL30,ğŸ¤” Â¿CÃ³mo introducir los nÃºmeros con exponente calculadora?  | Calculadora cientÃ­fica | Shorts,"Jul 23, 2021",5027,5501,3,0:00:40
bmlLUwSbbpw,| Excel | Por peticiÃ³n | Regresar mÃºltiples resultados | BÃ¡sico,"Aug 27, 2017",5024,2962,6.65,0:04:29
Q-ebhAHy6Qo,Python: Ciclo For,"Sep 27, 2015",4996,4649,4.22,0:02:11
YtBRCU-db_I,"Python desde Cero: Â¿CuÃ¡l nÃºmero es mÃ¡s grande? (IF, ELSE)","Dec 29, 2016",4974,10460,4.26,0:02:40
DRYV0H8-pf8,ğŸ› ï¸ Â¿CÃ³mo arreglar un archivo CSV con renglones en blanco? | Museo del Error | Python â”‚Â¡Muy BÃ¡sico!,"Jul 27, 2019",4961,10709,3.54,0:03:02
WJh5_7OdDcM,"ğŸ§‘â€ğŸ«Â¿CÃ³mo hacer presentaciones interactivas? | Google Slides | Â¡Muy, muy FÃ¡cil!","Jan 24, 2021",4921,3460,2.25,0:02:41
PSfbxO5rq-A,IntegraciÃ³n por SustituciÃ³n: Integral elevada al cubo en el denominador,"May 9, 2017",4913,11085,5.13,0:01:52
HCN8D_OTsWs,Experimento: Â¿CÃ³mo hacer lÃ­quida el agua sÃ³lida?,"Oct 2, 2016",4891,5932,8.83,0:02:17
JtfkNm8vt8Y,ğŸ‘€ Â¿CÃ³mo encontrar todos los valores parecidos? | Query | MÃºltiples resultados | Google Sheets,"Oct 11, 2019",4867,6140,6.61,0:03:24
z0b7TAVtHrw,Â¿QuÃ© tan parecidos son dos textos?| Similaridad coseno| SciKitLearn | Machine Learning| Â¡Muy bÃ¡sico!,"Mar 19, 2019",4849,13543,5.32,0:05:27
7IXDl2yBBPs,Ajuste polinomial | PolynomialFeatures| SciKitLearn | Machine Learning| Python | Â¡Muy bÃ¡sico!,"May 7, 2018",4828,15767,4.55,0:04:04
cJj9IqcJWBg,ğŸ¤“ MÃ©todo de ReducciÃ³n de Orden | ED homogÃ©neas de segundo orden | Ec. Diferenciales | Â¡Muy bÃ¡sico!,"Feb 22, 2021",4820,21929,5.74,0:03:32
9p3z2rD8Apk,ConversiÃ³n de unidades |Pint | MÃ³dulo| Python | Muy BÃ¡sico,"Jul 31, 2019",4783,7850,8.89,0:01:35
ScnpBE0TVyc,ğŸ¤–ğŸ’¡Â¿CÃ³mo hacer que un LED prenda y apague con Arduino y Python? | Desde cero| Blinking LED,"May 10, 2021",4768,18047,6.7,0:02:28
o8BDo5Uf7Co,Utilizar hojas de Excel en ComboBox |QT Designer| Python | PyQT5 | Pandas|Â¡Muy bÃ¡sico!,"Jan 26, 2018",4737,12162,3.81,0:02:58
hu_OhMXBxWM,ğŸ“‹ â¡ï¸ ğŸ—£ï¸ Texto a voz | Text to Speech | Python â”‚pyttsx3 | gTTS | Â¡Muy bÃ¡sico!,"May 20, 2021",4732,12285,6.15,0:02:04
jP51QoU1eEM,ğŸ—“ï¸ Â¿CÃ³mo resumir por mes los datos de un Dataframe? |Combinar Dataframes |Plotly | Pandas | Python,"Mar 26, 2020",4725,21376,3.57,0:04:57
NYcH_M5BE64,Aplicaciones del MÃ©todo del trapecio | IntegraciÃ³n numÃ©rica |MÃ©todos NumÃ©ricos | Parte 2 |,"Apr 16, 2020",4690,11074,5.21,0:03:15
a0HmueKBxB8,ğŸ¤“ SoluciÃ³n de Sistemas de Ecuaciones Diferenciales | MÃ©todo de eliminaciÃ³n |Â¡Muy bÃ¡sico!,"May 27, 2020",4614,12441,4.43,0:03:12
QmnDvWlsoLk,ğŸ¤” LÃ­mites con funciones vectoriales | Geogebra | Â¡Muy bÃ¡sico!|CÃ¡lculo Vectorial,"Oct 19, 2020",4601,19202,5.45,0:03:24
bq_XO4ZiEAg,Python desde Cero: Â¿CÃ³mo imprimir el primer y Ãºltimo valor en un ciclo For antes de un cambio?,"Jan 6, 2017",4590,4719,8.88,0:01:44
JVctrYEKz9k,ğŸ“ˆ RegresiÃ³n lineal mÃºltiple | CÃ³digo |Python | MÃ©todos NumÃ©ricos  | Â¡Muy bÃ¡sico!,"Sep 16, 2019",4553,11540,4.94,0:03:11
56KN9n1TxSc,ğŸ¤“ Â¿CÃ³mo encontrar el valor de C en una ecuaciÃ³n diferencial? | SeparaciÃ³n de variables |Â¡Muy bÃ¡sico!,"Feb 20, 2020",4544,4386,5.11,0:01:49
8KKEmEAxLZQ,"â˜¢ï¸ QuÃ­mica nuclear | Tipos de decaimiento Î±, Î²-, Î²+, ğ›„ | IntroducciÃ³n | Â¡Muy, muy  BÃ¡sico!","Aug 22, 2020",4506,23324,5.68,0:05:06
O-YlsQOcjkE,ğŸ”+ ğŸ¼ Â¿CÃ³mo buscar todas las coincidencias de una palabra en un dataframe? | str.contains | Pandas,"Sep 29, 2021",4494,16934,5.47,0:02:49
LYXanvO1hdw,âš—ï¸ Â¿CÃ³mo usar la notaciÃ³n cientÃ­fica en la calculadora?  | Teclas: ENG y EXP | Shorts,"Jul 24, 2021",4491,16032,12.31,0:00:44
OCJwAgFuAEg,ConversiÃ³n Decimalâ”‚Binario â”‚Octal â”‚Hexadecimalâ”‚PeticiÃ³n,"Sep 7, 2017",4480,26988,2.6,0:02:14
MftfVO64ItU,SageMath: Operaciones con matrices,"Jun 10, 2015",4478,3305,14.74,0:01:24
H4v2zlgVM4A,Fracciones en la recta numÃ©rica |Â¡Resuelve con nosotros! | MatemÃ¡ticas | Primaria | Â¡Muy bÃ¡sico!,"May 4, 2019",4467,1809,2.05,0:03:33
2gdU4lAijgQ,ğŸ¤– ğŸ”Š Â¿CÃ³mo leer la informaciÃ³n del sensor ultrasÃ³nico? | HC-SR04 | Arduino con Python desde cero,"May 17, 2021",4452,13191,6.99,0:02:26
0BqJ7zGKkZY,ğŸ§® Promedio ponderado | Python | Pandas | Rolling | EstadÃ­stica â”‚Â¡Muy fÃ¡cil!,"Oct 4, 2019",4451,13174,4.65,0:02:52
ueJpnvMXK3U,ğŸ“ˆ Â¿CÃ³mo obtener una ecuaciÃ³n exponencial a partir de datos? |Con condiciÃ³n de fecha | Python,"Apr 1, 2020",4441,10436,3.2,0:03:16
TVw2sxQzUQw,TransformaciÃ³n de datos | Preprocesamiento de datos |Scikit-learn | Machine Learning| Python,"Jul 13, 2019",4407,15045,6.15,0:04:20
yl4uMI8ioqw,ğŸ® PrÃ¡ctica de BÃºsquedas con filtros y str.contains  | Pandas | Python â”‚Â¡Muy fÃ¡cil!,"Aug 3, 2019",4353,10846,5.1,0:03:27
iioBLaRgMMQ,Frecuencia de palabras| Recomendaciones | SciKitLearn | Machine Learning| Python | Â¡Muy bÃ¡sico!,"Feb 10, 2019",4347,10031,3.8,0:05:05
9ocA_4I4gNg,Python desde Cero: Operaciones con nÃºmeros enteros (variables),"Dec 27, 2016",4345,6613,4.32,0:03:21
YnniyvruDyo,ğŸ“± Geogebra en dispositivos mÃ³viles | 3D | Geogebra |Â¡Muy FÃ¡cil!,"Aug 9, 2020",4277,7444,10.03,0:02:03
wHLp94dzJHQ,"ğŸ’¡ğŸ’¡ğŸ â¡ï¸ ğŸ¤– Â¿CÃ³mo prender varios LEDS en Arduino, utilizando Python? | Arduino con Python desde cero","Jul 4, 2021",4266,12176,6.67,0:01:56
JRw2XkUjvjE,"Python desde Cero: Â¿La suma de dos nÃºmeros es mayor..o igual? (IF, ELSE)","Dec 30, 2016",4260,11317,5.94,0:02:15
a_9-CRx0Qco,Trabalenguasâ”‚ Dinosaurios |Â¿QuÃ© tan rÃ¡pido lo puedes leer â”‚Cuarta parte,"Mar 25, 2018",4258,1243,9.98,0:01:24
JWuqL3kNxqg,"âš½ +ğŸ¼ Â¿CÃ³mo agregar una columna al dataframe, con una condiciÃ³n? | Datos FIFA 21| Pandas | Python","Sep 2, 2021",4229,13772,4.65,0:02:22
0qICNqRJAig,MÃ©todo de Gauss Jordan Parte 2: Ejemplo con una matriz 3x3,"Jun 8, 2015",4212,4313,3.78,0:02:54
SauDJo5ME-k,RegresiÃ³n lineal mÃºltiple | Redes neuronales | ReducciÃ³n de dimensiones | PCA |Scikit-learn |Python,"Sep 3, 2019",4180,10990,4.73,0:03:45
RJmyFZ3H9EE,EcuaciÃ³n de la recta y del plano: Forma vectorial | IntroducciÃ³n | Â¡Muy bÃ¡sico! | CÃ¡lculo Vectorial,"Aug 5, 2020",4169,13756,6.87,0:05:22
d9iYh_rTcdM,Â¿CÃ³mo actualizar el inventario despuÃ©s de una compra en Excel? (BÃ¡sico),"Jan 31, 2017",4142,9007,6.74,0:02:11
wSLbMwNyeLs,"ğŸ—“ï¸ Â¿CÃ³mo revisar si una fecha es dÃ­a festivo, sÃ¡bado o domingo?| Calendar | Python desde cero","Sep 8, 2019",4141,11693,5.62,0:03:49
qGSUZTGWx_U,ğŸ¼ Â¿CÃ³mo agregar una columna con nÃºmeros consecutivos a un dataframe en Pandas? | Shorts,"Jul 5, 2021",4105,8050,5.63,0:00:36
9QPRtKG_FuM,Constante de equilibrio quÃ­mico: Lo bÃ¡sico,"May 31, 2015",4005,1798,7.4,0:01:57
LiTqTEt7y7A,Desordenar listas | Shuffle.Random â”‚Listas â”‚Pythonâ”‚Â¡Muy fÃ¡cil!,"Mar 30, 2018",4003,5322,9.17,0:01:53
EMQmxOO30EU,ğŸ’§CÃ³mo calcular la velocidad en un tubo de Pitot | Â¡Muy bÃ¡sico! | MecÃ¡nica de Fluidos,"Mar 30, 2021",3980,16627,4.89,0:02:52
I3INK6W3SSs,"Python desde Cero: El ciclo For, pedir al usuario el inicio,final y como aumentar el ciclo","Jan 4, 2017",3962,5366,5.14,0:02:22
WnZ-Pq7O0a0,ğŸ¼ Â¿CÃ³mo iterar sobre renglones? | Â¡7 opciones! |Pandas|Python | Â¡Muy fÃ¡cil!,"Jan 10, 2022",3954,43378,3.44,0:04:29
DSegqUXr0Y8,ReacciÃ³n QuÃ­mica primer orden| Cambio de concentraciÃ³n respecto al tiempo| CinÃ©tica QuÃ­mica,"Jan 30, 2018",3919,4010,8.03,0:01:51
adNHEh6slIQ,ğŸ§® Tabla ANOVA | Desde cero | Python â”‚Â¡Muy fÃ¡cil! | Parte 3 de 5,"Jul 28, 2019",3908,5316,8.16,0:01:57
U8Tbo0j8dRY,ğŸ—‚ï¸ Â¿CÃ³mo hacer un documento en lÃ­nea?  | Trabajo a Distancia y en equipo | Google Docs |Â¡Muy FÃ¡cil!,"Mar 27, 2020",3873,4256,4.46,0:03:55
zxkte3Q-Xdc,Experimento: Â¡Guantes para la pantalla tÃ¡ctil de tu celular!,"Oct 15, 2016",3860,3250,4.89,0:02:20
RhnW_9sx8LI,"ğŸ—  Â¿CÃ³mo obtener el mÃ¡ximo, utilizando minimize de Scipy? | Optimize |Â¡Muy bÃ¡sico! | Python","Jul 2, 2020",3845,7433,5.84,0:02:24
xeDzvj-HxyU,Trabalenguasâ”‚Â¿QuÃ© tan rÃ¡pido los puedes decir â”‚Tercera parte,"Feb 14, 2018",3841,1322,5.6,0:01:11
TqLVZuu5hKQ,Truco de MatemÃ¡ticas: Â¡Adivina la edad!,"Dec 8, 2016",3815,5807,11.19,0:01:41
WON-E_nra4o,Python: Â¿CuÃ¡nto dinero tengo despuÃ©s de X aÃ±os? (Funciones y GrÃ¡ficas),"Apr 25, 2017",3809,6570,3.46,0:02:56
XTgMhqpXfLo,Balanceo de Ecuaciones QuÃ­micas (MÃ©todo Tanteo),"Apr 29, 2015",3805,2262,3.18,0:02:23
RJn_IJ1xYM0,Integral con Fracciones Parciales,"Apr 10, 2016",3774,5154,2.44,0:01:51
K0BFUlWMqrs,"ğŸ¼ Â¿CÃ³mo dar formato a las tablas? | Color, alineaciÃ³n, tamaÃ±o de fuente | Pandas | Plotly","Dec 13, 2021",3762,14508,5.89,0:02:04
Q3WukXj4WDo,Minimizar funciones multivariables| GrÃ¡fica de superficie  |OptimizaciÃ³n | Scipy | Python,"Sep 10, 2018",3737,9395,5.88,0:02:34
NnhWMuRdQsM,ğŸ§® GrÃ¡fica y cÃ¡lculo de intervalos de confianza | RegresiÃ³n Lineal simple | Python| Parte 5 de 5,"Aug 17, 2019",3668,6110,5.53,0:01:51
78gT0Ug3b-k,Excel: Â¿CÃ³mo usar las fÃ³rmulas matriciales y los Ã­ndices? (BÃ¡sico),"Mar 25, 2017",3641,3530,3.85,0:02:55
CwFd2qyXeYM,Â¿Operaciones grandes? | ParÃ©ntesis | NÃºmeros Negativos| Fracciones | Calculadora cientÃ­fica,"Jul 10, 2018",3628,4809,4.05,0:01:29
QVJfqhkC7Bg,Wolfram Alpha: SoluciÃ³n de sistemas de ecuaciones lineales,"Apr 10, 2016",3622,4514,10.35,0:00:38
XqSZCS5B_Z8,Conversiones de unidades| Valor de divisas | Google Sheets | Google Drive| Â¡Muy FÃ¡cil!,"Apr 10, 2019",3617,8660,7.31,0:02:06
Mj65p-AoKFQ,Convertir a datos numÃ©ricos |Preprocesamiento datos | Label encoder | SciKitLearn | Machine Learning,"Aug 6, 2018",3597,8912,5.88,0:04:45
JfzfUCBm0lw,BÃºsqueda en bases de datos | Caso prÃ¡ctico |InformaciÃ³n estudiantes| Pandas| Python | Parte 1,"Oct 30, 2018",3596,12568,3.16,0:06:35
gspm-rBshOE,Wolfram Alpha: Integrales impropias,"Feb 13, 2016",3592,23890,1.88,0:01:08
od95Ap65nQA,ğŸ§® Suavizamiento exponencial | Python | StatsModels | EstadÃ­stica â”‚Â¡Muy fÃ¡cil!,"Oct 9, 2019",3554,10162,2.59,0:03:47
XdO12ZWndlc,"Â¿Para quÃ© sirve el mÃ©todo __init__  ? | Clases |  Python desde ceroâ”‚Â¡Muy, muy BÃ¡sico!","Jul 29, 2021",3541,16367,5.4,0:04:37
_2IcW0oPOBc,âš™ï¸ InteracciÃ³n con grÃ¡ficas | sliders | Matplotlib | Google Colab | Python,"Nov 30, 2021",3538,16159,4.99,0:02:11
xH6XMLZvQmM,Corregir datos capturados por humanos | FuzzyWuzzy | Python â”‚Pandas â”‚Â¡Muy fÃ¡cil!,"Jul 5, 2019",3422,17066,2.83,0:05:15
81I9IpP-BSs,ğŸ¤” Â¿CÃ³mo crear un proyecto de Django en Pycharm?  | Paso a paso | Â¡Muy bÃ¡sico!,"Dec 6, 2021",3419,12898,6.83,0:03:07
BOxs4x3qm00,Convergencia y divergencia de series en PYTHON (Muy bÃ¡sico),"Jul 16, 2017",3401,5179,4.67,0:02:24
YtvaiyyC7zk,ğŸ¼ Â¿CÃ³mo exportar datos de un Dataframe a diferentes hojas de un libro de Excel? | Pandas|Python,"Apr 25, 2022",3392,34541,2.19,0:02:14
4YbPwJ0Jexg,"Buenos dÃ­as, tardes o noches |Time | MÃ³dulo| Python | Muy BÃ¡sico","Nov 26, 2017",3386,6899,7.09,0:02:14
86LlS2FErcY,WolframAlpha: ComposiciÃ³n de Funciones (Fog(x)),"Nov 27, 2016",3381,1138,6.15,0:00:49
t2RYAEGuSCM,Graficar  iteraciones | SciKitLearn | Redes neuronales| Machine Learning| Python | Â¡Muy bÃ¡sico!,"Sep 19, 2018",3372,7405,6.19,0:02:28
5PXkyOiqhtE,ğŸ“Ÿ +ğŸ Â¿CÃ³mo enviar un mensaje a una pantalla LCD 16x2? |Serial | Arduino con Python | Â¡Muy bÃ¡sico!,"Oct 13, 2021",3353,9777,4.65,0:01:50
xbPV24Vhgyk,ğŸ¼  Â¿CÃ³mo hacer bÃºsquedas en el dataframe con Query? | IntroducciÃ³n | Pandas| Python,"Mar 10, 2021",3336,17413,4.23,0:03:51
tk6dHVdUYro,IntegraciÃ³n con funciones trigonomÃ©tricas: DivisiÃ³n (Â¡Muy BÃ¡sico!),"Apr 16, 2017",3330,14842,4.45,0:01:52
ibA8Zx8N0lc,IntegraciÃ³n por partes: Â¿QuÃ© hacer cuando tienes dos funciones con potencias? (ILATE),"May 5, 2017",3328,7466,4.53,0:02:35
sTejE7tFzY8,Â¿SabÃ­as quÃ©?: Cebras,"Jun 4, 2017",3322,5212,4.55,0:00:55
bBqaJl8u7Dc,Uso de la calculadora cientÃ­fica: Logaritmos y expresiones exponenciales,"Apr 27, 2015",3301,2510,3.86,0:01:20
krwwVve2XRo,"Operaciones con nÃºmeros complejos (suma, resta, multiplicaciÃ³n y divisiÃ³n)","May 25, 2017",3301,9718,1.87,0:03:29
YnrEm22oSus,ğŸ¼ Â¿CÃ³mo repetir o eliminar renglones en un Dataframe? | Pandas | Python | Â¡Muy fÃ¡cil!,"Dec 29, 2019",3264,8818,2.44,0:02:55
HTZrdT_mEWo,ğŸ§® RegresiÃ³n lineal | Python | Desde ceroâ”‚Â¡Muy fÃ¡cil! | Parte 1 de 5,"Jul 25, 2019",3260,8800,5.25,0:04:00
kTF3sLz20r4,âœ” Tarea 2 CÃ¡lculo Diferencial e Integral: LÃ­mites,"Feb 23, 2015",3258,445,3.82,0:00:37
c0BYkq8DBu0,Longitud de Arco|Ejemplo resuelto | CÃ¡lculo Vectorial| Â¡Muy fÃ¡cil!,"Oct 24, 2017",3241,3158,3.17,0:02:34
KzQKxARW7tY,ğŸ§® Pruebas t y F para comprobaciÃ³n de hipÃ³tesis | RegresiÃ³n Lineal | Python | Parte 4 de 5,"Aug 13, 2019",3240,5799,5.9,0:02:33
p9gZa4RJwWA,CÃ³mo restar tiempo| Extraer strings | ExpresiÃ³n regular | csv | Pandas  | Python | Â¡Muy fÃ¡cil!,"May 3, 2018",3219,18231,3.37,0:03:54
Jvm3LNaoiX8,Experimento: Â¿CÃ³mo prender un cerillo que ya estaba apagado? (Levaduras en acciÃ³n),"Dec 17, 2014",3205,2891,5.81,0:01:35
K3tc4b9uECg,Encontrar el nÃºmero mÃ¡s grandeâ”‚Python â”‚3 Ejemplosâ”‚Â¡Muy fÃ¡cil!,"Oct 22, 2017",3195,4519,6.99,0:01:56
8_68_5dqNl0,Trucos para contar y hacer operaciones Â¡MÃ¡s rÃ¡pido!,"May 14, 2015",3181,1087,2.76,0:01:55
OZdQx48w5Yc,ğŸ§® Â¿CÃ³mo hacer una integral definida?  | Calculadora cientÃ­fica | Casio fx-991ES PLUS | Â¡Muy fÃ¡cil!,"Feb 12, 2020",3176,6296,4.43,0:01:29
027EUATLSu4,Â¿Las fracciones son proporcionales? | Propiedades | MatemÃ¡ticas BÃ¡sicas | Â¡Muy fÃ¡cil!,"Jul 31, 2019",3159,1693,1.42,0:02:24
s3VHddRdJDY,FunciÃ³n escalÃ³n y pulso rectangular | Funciones unitarias | Ecuaciones Diferenciales |Â¡Muy bÃ¡sico!,"May 15, 2020",3110,6425,3.36,0:02:39
OImgjY1O3q4,ReducciÃ³n de TÃ©rminos Semejantes|Fundamentos de Ãlgebra |Curso |Parte 1|,"Nov 21, 2017",3078,4595,6.59,0:03:32
AwMVsfE7luQ,ğŸ¤” Â¿MÃ¡ximo y mÃ­nimo de una funciÃ³n? |Segunda Derivada Paso a paso | Symbolab | Desmos | Â¡Muy BÃ¡sico!,"Nov 30, 2019",3073,6275,5.71,0:02:25
f0T1x1KoPMk,Python: Operaciones con Tuplas (BÃ¡sico),"Apr 2, 2017",3073,7987,8.15,0:02:40
4ODD0l6JtQ8,Cifrado Affine | EncriptaciÃ³n de  Mensajes | SymPy | Python | Â¡Muy bÃ¡sico!,"Jul 24, 2018",3054,4197,5.58,0:02:35
Showing top 500 results,,,,,,
